index,split,tweet_id
4332,train,570304445734629376
4089,train,567827275619549184
12436,train,570188097305976832
4353,train,570292976603295744
5911,train,568491900195500032
11513,train,568059390135304193
13334,train,569887742479486976
1932,train,569514750842789888
6933,train,570009292885123072
8922,train,567743028215836672
11172,train,568458157703499776
7650,train,569436958281183233
13491,train,569850239789568000
9354,train,569970626057801728
2985,train,568807231396802560
10916,train,568785504004497408
10757,train,568903208015433728
7794,train,569238749802074113
3362,train,568494813655527424
4613,train,569978876861902848
3806,train,568109878754934784
6860,train,570095219091361792
299,train,568828648687591424
13961,train,569685644449964032
11909,train,570300355843661824
13428,train,569866168527405056
2677,train,568959737544339456
2699,train,568950980471103489
7936,train,568961738596462593
4673,train,569944956132990976
7575,train,569527183825182720
11051,train,568564623156211712
4237,train,567761267826651139
6558,train,567779815227260928
6620,train,567754165904887810
12491,train,570156001485312000
12329,train,570228063625207808
13656,train,569769525744250880
7557,train,569533098402009088
2198,train,569319046790819840
12726,train,570044332843134976
12396,train,570202204281425920
9681,train,569720701197750272
14473,train,569610485101768704
12829,train,570006707935571969
5596,train,568878340200906752
6486,train,567822780135124992
13901,train,569692788968845312
3949,train,567924953976152064
13573,train,569825634295230466
14258,train,569644902637813761
11482,train,568078627687890946
9001,train,570291091204919297
1324,train,569827329024913408
113,train,569872058613673984
14505,train,569605928636407808
11856,train,567727479633477632
8454,train,568243175074242560
35,train,570051991277342720
4017,train,567872136745852928
7144,train,569925929713188864
5074,train,569366218429337600
5869,train,568533372709908480
4845,train,569684137755459584
13183,train,569919625640615936
8924,train,567740211384168448
13849,train,569701646445326336
8729,train,567895874598215680
8303,train,568503966687993856
8960,train,567690417265975296
12322,train,570232494034964481
4846,train,569683780593545218
6784,train,570279787287093248
2726,train,568931924166574080
8479,train,568214651336396801
225,train,569220232293720066
7861,train,569157073906176000
7167,train,569923761232850944
2072,train,569387614265954304
6413,train,567874892634304512
6646,train,567747787807526912
7752,train,569275378331717633
9655,train,569757234260942848
11878,train,567643252753694721
7248,train,569775081636782081
14024,train,569676317144133632
463,train,567828603976597504
9555,train,569879818063507457
2546,train,569097525690568704
13839,train,569704164743376896
13403,train,569871364603031553
5749,train,568752276040495104
8447,train,568250993776803840
1763,train,569597663953293312
2016,train,569474230854660097
13303,train,569893064342437888
12847,train,570001418825949185
11923,train,570297414848000000
9072,train,570250443034640384
9650,train,569757977785184256
5231,train,569245091602124800
13628,train,569789996707803136
1874,train,569541848877957120
4887,train,569668606142783488
763,train,570092196247969796
830,train,570059605662834688
2718,train,568938647795314688
13908,train,569691858365915136
7009,train,569958349514485760
10771,train,568891505869344770
992,train,569971648876584960
1941,train,569512714961362944
5982,train,568447937929289729
5188,train,569269761240010752
3055,train,568767144407789569
11243,train,568373623737556992
6157,train,568174911841177600
11610,train,567881730490646528
14299,train,569640038302134273
39,train,570035876845084672
6210,train,568126682336534529
1862,train,569547989007646721
3086,train,568710194575872001
226,train,569218762907324416
4424,train,570261981569159169
10343,train,569361587032748032
13471,train,569854995958509568
2889,train,568846499431337984
3707,train,568177910101745666
306,train,568805696780824576
11889,train,570306662575300611
2594,train,569011727532032001
9622,train,569810057795391488
10655,train,569006176186183680
14218,train,569651579307069440
7706,train,569330095644659712
8376,train,568434301496381441
865,train,570045712211288064
13432,train,569865022031015937
8396,train,568425693828132864
5839,train,568559381295407104
535,train,570291492545298432
6923,train,570016801192456192
6723,train,567720839408533504
13329,train,569889391633518592
129,train,569643262459269120
4918,train,569649617802891264
2817,train,568884473040752641
4116,train,567816074898513920
11236,train,568384143379156993
14481,train,569608733321498627
5201,train,569260280687005697
7778,train,569252657967341569
8220,train,568599227342852096
11397,train,568141720556322816
2420,train,569216055018704896
1720,train,569617019257151488
2753,train,568919230671794176
2637,train,568977696786673664
3616,train,568231742449922049
12139,train,570278869133107201
3713,train,568176862159110144
7747,train,569278644943757312
8493,train,568207527067783168
13617,train,569798946740166656
218,train,569229785500680192
1298,train,569846237865885697
3279,train,568558135637463040
8188,train,568626612314308608
1387,train,569747706047934464
4355,train,570291219919736832
10497,train,569248700947689474
3222,train,568587181264146432
2494,train,569167347996495872
4617,train,569977857755234304
2650,train,568969371118391296
5816,train,568575202713583616
13069,train,569948398545039360
9696,train,569713111537717248
1471,train,569706638283833344
5599,train,568876836324638720
8237,train,568569662717313024
8357,train,568442077400436736
6224,train,568110846057975808
5028,train,569517721764786176
5605,train,568872880865325056
7772,train,569258404742500353
10095,train,569538992980566017
14454,train,569613611510960128
11522,train,568053507179163648
268,train,568926018049691648
6685,train,567734329212940288
8528,train,568189945308786688
8873,train,567780486978609152
625,train,570243296741752832
9512,train,569897573294743552
14462,train,569612280989495296
5424,train,569096233232547840
2485,train,569172065724428288
7168,train,569923685848653824
6039,train,568425421240455168
8030,train,568854763057475584
9424,train,569942656522047490
5485,train,568951064688373760
13521,train,569842929860263936
2474,train,569183387816038401
10671,train,568994886336307200
1680,train,569626978397134848
14574,train,569597072350978048
8300,train,568509433229099009
5535,train,568913623327703040
5753,train,568673970251116544
14315,train,569636003473793024
3223,train,568585421518544897
3795,train,568117667879628800
5893,train,568506661373145089
747,train,570104743747416064
1530,train,569681019185573889
11268,train,568255924130983936
14458,train,569613473845542912
12251,train,570251394965479424
3478,train,568406334787457024
8617,train,568107816923340800
850,train,570053417311342593
6800,train,570251142942171136
10772,train,568890203923980288
4601,train,569988842335244289
3621,train,568229032652709888
1664,train,569631041356320768
7423,train,569618309357940737
3453,train,568431125502144512
7568,train,569528451339673600
14389,train,569622208588468224
12219,train,570259700937134080
3945,train,567927725815496704
9151,train,570109219078152193
7076,train,569939614175248384
6309,train,568064339544051712
394,train,568259485413715969
1074,train,569936496284663809
13378,train,569878631322755072
11036,train,568594726317887488
13949,train,569687343403106304
14309,train,569638240233390081
3358,train,568497542100586497
8926,train,567739036425805824
14420,train,569618371148443649
9670,train,569729663351832576
9871,train,569630712233627648
5152,train,569304533140185088
2094,train,569369331173363712
3953,train,567921406807261184
6456,train,567840732305858560
7831,train,569221909231104000
10697,train,568966649728114688
8052,train,568834558268973056
14149,train,569661321744134144
8217,train,568601459983400960
2524,train,569134299024367616
3578,train,568257389402710016
12879,train,569992886256832512
9075,train,570248242853773312
13034,train,569955742276407297
7897,train,569066946433581056
11154,train,568474546275287040
219,train,569226875349835776
4965,train,569598614235942912
12824,train,570007324380631040
6465,train,567831075763003393
4518,train,570076113453518848
10369,train,569346960181870592
3166,train,568621100914991104
6407,train,567876860647833600
12116,train,570284308210032640
7700,train,569341160482856960
11710,train,567802808876158976
11957,train,570283851018317824
7629,train,569493813884030976
14632,train,569587813856841728
3859,train,568072136192966656
10033,train,569562007671853056
822,train,570065037231927296
1736,train,569610824647626752
14006,train,569678397158268929
8590,train,568140329821577217
11275,train,568248102018285570
11048,train,568569906201038848
11534,train,568036804542275584
8881,train,567774038680801281
12250,train,570251560871002112
6876,train,570070740566990848
9434,train,569938945871626240
7896,train,569068027917922304
7761,train,569271364521103361
4361,train,570288380384292864
2663,train,568965165783388160
2137,train,569342888615620609
13316,train,569890859526823936
13167,train,569923221341908992
10459,train,569279106086522880
14584,train,569595643087486976
4374,train,570282347267895296
14068,train,569671368788172800
11540,train,568032524749942784
14153,train,569660558112239616
1632,train,569640163393073152
12285,train,570242420643917824
9133,train,570184073139912704
7372,train,569634891857600514
4558,train,570024300905783296
6601,train,567762333779628032
9887,train,569625848334000128
2885,train,568848259008962560
933,train,570003828658950145
34,train,570076792993611776
2379,train,569237947033255936
9715,train,569699694454001664
8166,train,568642357379399681
5375,train,569159814426853376
54,train,570000071644872704
3078,train,568723674934722560
1863,train,569546412121202689
14221,train,569651357491326976
14328,train,569632618460753921
2330,train,569257932908470273
8318,train,568489782298476544
5313,train,569204692401590273
7012,train,569957094788624384
79,train,569934395865493504
10974,train,568650058780041216
3171,train,568616603568492544
4199,train,567782346833686528
4816,train,569701285588541441
3987,train,567889601869668352
4160,train,567801163581546496
7627,train,569496729755652098
6501,train,567813976492417024
10111,train,569533103359660033
8160,train,568649053711380480
13761,train,569721410542645248
10603,train,569136050951622656
10368,train,569347372595212289
23,train,570258822297579520
230,train,569208480793567233
9972,train,569596783011217408
7179,train,569917729022586880
10760,train,568902192364548097
12011,train,570270435478122497
9356,train,569970518381744128
329,train,568608718994026496
11675,train,567830991491997696
6644,train,567748162178125825
6712,train,567723431513575424
11970,train,570280637946421249
2683,train,568957001658724353
2530,train,569125711556042752
6005,train,568438000843034624
14318,train,569635291490693120
2741,train,568925709189705728
2868,train,568855465842466817
13926,train,569690347183480832
6400,train,567880664600698880
12269,train,570247474465677312
8170,train,568637437812944896
3051,train,568770352635121664
14455,train,569613601918492672
13723,train,569734641193586688
583,train,570269103648350208
4048,train,567851359178989568
5623,train,568853687130390528
11978,train,570278869133107201
2721,train,568934521506107392
13684,train,569748937545883648
14346,train,569630715698151424
563,train,570276377401827329
2342,train,569252801802592256
1299,train,569845865185206273
11516,train,568057232392380416
3705,train,568178665189711872
5679,train,568813302140284928
135,train,569627480425766912
12577,train,570100035167379456
6921,train,570018254271463424
10115,train,569532667869335554
77,train,569940323746516993
2197,train,569319188528963584
10309,train,569377149045444608
6906,train,570042533679656960
9604,train,569842257588846592
8147,train,568706272788262912
5324,train,569195435736244225
2757,train,568917792172351488
13685,train,569747411779735552
8622,train,568102992110465025
5571,train,568888806805512192
3212,train,568592520659267584
6592,train,567765690589790208
3511,train,568352803892150273
14307,train,569638470538301442
10170,train,569508277026983937
5800,train,568587424747511808
5035,train,569508406551322624
9209,train,570061827100422144
1841,train,569560154619965440
11187,train,568449323895275520
14209,train,569654047151562752
266,train,568928741298012160
5091,train,569355179717369857
10480,train,569263373092823040
2964,train,568813570709782529
13155,train,569926212400709632
10794,train,568870473934761985
6300,train,568074028990259200
13305,train,569892670367256576
11129,train,568490964173627393
318,train,568735060104511488
540,train,570289557205327873
6706,train,567727026313101315
138,train,569620102389350401
11988,train,570275632518733825
807,train,570072918094442496
6928,train,570011803389788160
123,train,569714127792254976
11462,train,568100371794665472
5067,train,569377543687700480
4356,train,570289521113366531
6569,train,567774320170119168
13190,train,569917791228157952
175,train,569356387785900032
11062,train,568548629432004609
2491,train,569168955786600448
1319,train,569834804943962113
12912,train,569981947612676096
12442,train,570186514178519041
737,train,570108724636831745
4286,train,567733228690083841
3053,train,568768952366575618
11608,train,567885057085566977
4705,train,569915419018067968
14513,train,569604909571678208
10670,train,568995213529759745
4506,train,570190092213465089
7926,train,568969600559226880
492,train,567755402943930368
10580,train,569164415322492928
4708,train,569911555967442944
12698,train,570057809037008896
13215,train,569913274218622977
1044,train,569953988537249792
6153,train,568178355452792832
11656,train,567847120990048256
9689,train,569717188468334593
5341,train,569179898532761600
9828,train,569649433635368961
5164,train,569291509305970688
3594,train,568248416418926594
1183,train,569903120781852672
14421,train,569618327078887424
8293,train,568525820764897280
5813,train,568578230933979136
4289,train,567732284959113216
1449,train,569715552702345216
12068,train,570301395141836801
7579,train,569526493023498240
9940,train,569605690471288832
6344,train,568044275910512640
2940,train,568822919633240064
6924,train,570016312610709504
3100,train,568677207062609920
3816,train,568103618500530176
11684,train,567819711950635009
13193,train,569917183385432064
681,train,570196424043814912
2312,train,569261737037455361
4927,train,569644310045417472
6861,train,570093964059156481
3436,train,568441679503495169
2091,train,569370900568502272
2455,train,569194996143755264
4275,train,567738031398866944
8842,train,567807014388154368
7319,train,569671173136637953
7433,train,569612120758878208
1857,train,569551241967067136
4176,train,567793494695157760
12891,train,569989330057342977
45,train,570012257549070337
6515,train,567806501402976257
2553,train,569087906851135488
10747,train,568912588748292097
13957,train,569686372124102656
6009,train,568437028205035520
1972,train,569499434633048065
5344,train,569176969872605184
12161,train,570272172679282688
11558,train,568006084360863745
12686,train,570062369096908801
6993,train,569961511440879616
2588,train,569017218316369921
4655,train,569956624036540416
7601,train,569514471296774146
8014,train,568875212202078208
1657,train,569634229627297793
11830,train,567733682879086592
2275,train,569281033365037056
12645,train,570077997648064512
1785,train,569586471570534400
1142,train,569915576862183425
1537,train,569676535973744640
3660,train,568203369053077505
4504,train,570195784358100993
10628,train,569108069893992448
6432,train,567862240419934208
3902,train,568031932719566849
6051,train,568408789512105985
14238,train,569648713980715010
9105,train,570220968435716097
12362,train,570219815941615616
7206,train,569889139593646080
13121,train,569935135895883776
327,train,568629385105793024
9401,train,569949968750010370
2190,train,569322456776892417
2375,train,569239939776274433
2429,train,569212860665978880
6403,train,567879304593408001
13053,train,569951016033980416
2225,train,569307607007150080
1751,train,569603875671396352
10876,train,568808397660774401
9089,train,570235609933078529
3088,train,568702964623216643
684,train,570188838775103488
3537,train,568282656590282754
8787,train,567848084572532736
13956,train,569686397789057024
4672,train,569944997308407808
9591,train,569856874604048385
5308,train,569206183283843072
1596,train,569650320613052416
4496,train,570204088908034049
9998,train,569584207011434497
9660,train,569747390758047745
3644,train,568210978447323136
6206,train,568130768788185088
13149,train,569928501966450689
9068,train,570253865066602497
9633,train,569762394169221121
7686,train,569345693770502144
118,train,569774078233419776
385,train,568392783922372608
537,train,570290993339244547
4785,train,569767473525862400
8823,train,567816742300356608
490,train,567762071258152960
4865,train,569674873787658240
4375,train,570282333892251648
6537,train,567793538134716417
1239,train,569870819582586880
7733,train,569300193503367168
13596,train,569811225770479616
11095,train,568510886324744193
2306,train,569264912695840768
7634,train,569489114707431424
7252,train,569741756968919040
9515,train,569895538910498817
5999,train,568439319779790848
5901,train,568496176116457472
12803,train,570015876902232064
5005,train,569552971362639873
9148,train,570110504254857217
926,train,570009034385805312
14156,train,569660363794468864
2616,train,568989687353729024
2406,train,569225573773369344
6506,train,567811776025468929
10425,train,569316516321202176
13836,train,569704388106719232
12692,train,570060649780400128
4311,train,567703258425081857
5544,train,568906726906335234
6556,train,567780392179351553
1589,train,569654428636049408
5332,train,569184886424268800
1184,train,569902743135117314
14190,train,569656858400694272
12981,train,569969374875881472
4240,train,567760664752824321
13911,train,569691648579338240
6612,train,567758165287002112
12248,train,570252431113760768
1656,train,569634350930636800
8923,train,567742238562975745
8818,train,567821528424845312
12434,train,570188405541175297
1021,train,569962245620248576
6239,train,568104424029036545
6307,train,568066878192508928
10510,train,569241834670698496
6372,train,567907813126582272
2238,train,569301951478935553
9043,train,570272154635374592
12552,train,570110706588262400
171,train,569447071910105089
14101,train,569666687253008384
8561,train,568162505597566976
2545,train,569098396914421763
3233,train,568577596172009472
474,train,567806905617281024
5556,train,568894687911632896
5256,train,569228870177591298
13637,train,569786457998680064
294,train,568838020041809920
13344,train,569884943217762304
13014,train,569960303514923009
11525,train,568050773910622209
9806,train,569657895522054145
1249,train,569866490423349248
13899,train,569693300120113152
9194,train,570075456302649344
9175,train,570083761582428160
7195,train,569894640675102722
8319,train,568489700232695808
11466,train,568088650430468096
934,train,570002454839820288
14144,train,569661662648610816
11577,train,567918161540046848
8131,train,568754053083222016
13243,train,569907965223763970
4728,train,569895187746418688
5870,train,568531207459221506
14229,train,569650276380110848
13672,train,569757774395023360
6261,train,568090175122907136
458,train,567849200295124992
11606,train,567887623953457152
8666,train,568052101504372737
5510,train,568932070447140864
12154,train,570275248052039680
13443,train,569863229356310528
9174,train,570083998380232704
5560,train,568893685397483522
1795,train,569580671112388608
10451,train,569289545058947072
6138,train,568188732806963201
14542,train,569601519663906819
5513,train,568929754151145472
1215,train,569881449249316864
2623,train,568987303302950913
10863,train,568815766474244096
4896,train,569667324879511552
1180,train,569903840507506688
13444,train,569863194929471488
8441,train,568256684642213888
5043,train,569502188562546688
5951,train,568464798926524417
12368,train,570217971815211008
13287,train,569895538046296064
8844,train,567805458053099520
8655,train,568074993856335872
7571,train,569527951831666688
14501,train,569606135960858624
3988,train,567887301021413376
7100,train,569937408013176832
13800,train,569715065202577408
3637,train,568215213620637696
6195,train,568139299021041664
2461,train,569191687794270209
10821,train,568846754701058048
11980,train,570278644918194176
3016,train,568797413529538562
13593,train,569814855349346304
4983,train,569584744532287490
824,train,570063826508320769
7460,train,569586189776371712
13357,train,569882830328569856
3696,train,568183509577125888
5225,train,569250085516681216
13861,train,569700244050440192
6830,train,570221178658418689
10850,train,568824821531996162
1518,train,569685581787205632
5053,train,569488587135295488
8805,train,567831806944223232
8958,train,567696188602712064
3214,train,568591278805528576
14255,train,569645350379757568
6272,train,568085962049216514
4395,train,570272186419847168
3038,train,568784261064622080
2134,train,569344598482546690
10374,train,569343970360348672
10992,train,568633802433507329
87,train,569922008588222465
14571,train,569597742693154816
10541,train,569209605198376961
11766,train,567771225104338944
14137,train,569662221099384832
6853,train,570179466716176384
7699,train,569341255399964672
1314,train,569837273828732928
4221,train,567767744356294656
14049,train,569673773567381505
655,train,570224727047872514
4608,train,569982023667838979
10038,train,569560151100821504
2700,train,568950850615316480
1848,train,569556796525969409
12140,train,570278803399798784
14449,train,569615004489494528
957,train,569989291188695040
1910,train,569525690950815745
594,train,570260294846451712
6128,train,568201125012353024
11568,train,567929116969684993
12027,train,569842758967386112
4575,train,570007457055055873
1048,train,569952718707687424
10152,train,569519156502106112
13647,train,569774273851568128
5696,train,568800998929661953
4885,train,569668792265019392
14167,train,569659367001186304
13760,train,569721419849797632
3911,train,567987484556013568
3758,train,568148213418455041
6107,train,568222514956013568
11471,train,568084209656573952
12186,train,570267241046020096
14413,train,569620017840398337
7380,train,569633166031511552
11703,train,567805039583199235
4049,train,567851352249868288
2787,train,568900079962075137
10832,train,568838743030956032
978,train,569980177247285249
2338,train,569253414971899905
5521,train,568926656615690240
6391,train,567887502306050048
10092,train,569540173408698369
2025,train,569468823625027586
13073,train,569947324316721152
12344,train,570224015656284160
13203,train,569915248620150786
11761,train,567776258621464577
5182,train,569273769652576256
7306,train,569675498873159680
12282,train,570244158591406080
12587,train,570097279870361600
2489,train,569169897906941952
11033,train,568598882613133314
10103,train,569535962604310529
9948,train,569603523954016256
8130,train,568757775205056512
8463,train,568239330168315905
6047,train,568413746726457344
5132,train,569318043702177793
11890,train,570306529947193344
4600,train,569989007532142592
9309,train,569989999963213824
12729,train,570043390773084160
7780,train,569249704543965184
2378,train,569238148032671744
10201,train,569492269000204288
6173,train,568161313274404864
5139,train,569312734896136193
12168,train,570270777121103872
7635,train,569487598709817344
8930,train,567737803060940800
14565,train,569598544379817984
4879,train,569670081946333184
9223,train,570054257577041921
13405,train,569870837815205888
8831,train,567810683485753344
8674,train,568041225174953985
199,train,569262527281913857
620,train,570247027117797376
1162,train,569909655813500928
2351,train,569249493264289793
3217,train,568589551477886977
14399,train,569621228048089088
13185,train,569919092540510208
5835,train,568562849447948288
4412,train,570265563035004928
4288,train,567732468657041408
1744,train,569606901325017090
1488,train,569700247275876352
9916,train,569618538924789760
11959,train,570283309093113856
3582,train,568252997886545920
13217,train,569912888866906112
10846,train,568826004891832321
6362,train,567954287185125377
5798,train,568587821264609280
6880,train,570066245195829249
2046,train,569438531686424577
3384,train,568475039680434176
3933,train,567947943593926657
12581,train,570099506135437312
11846,train,567729135733465088
14020,train,569676640692752385
6125,train,568204029517553665
5863,train,568538790244909056
5475,train,568958074230190080
1698,train,569620902742233088
3340,train,568513007849840640
7172,train,569921913667104768
12995,train,569964670531973120
5719,train,568781422804262912
5589,train,568881291766034432
4196,train,567786224812060672
1431,train,569723119415513088
12776,train,570028289399525376
4554,train,570032300265578496
1842,train,569559734199721984
6806,train,570243767585935360
10179,train,569504928810414080
14561,train,569599116403036160
9332,train,569981015378112512
2032,train,569456035930484737
10362,train,569352847898386432
4904,train,569666708278878208
6704,train,567728114588209152
8248,train,568558979841810432
6957,train,569989971156860928
13894,train,569693767831146497
1668,train,569630837538361344
6201,train,568134973728755712
8639,train,568093784417951744
14506,train,569605877512024064
10046,train,569558153202774016
9114,train,570213783085432832
12558,train,570105616515145728
11220,train,568409651466899457
1983,train,569491456173477889
5960,train,568457802059902976
967,train,569986029463011328
11453,train,568105570215055360
13944,train,569688233002401792
10131,train,569526164575924225
13557,train,569832053241450496
1189,train,569901512190767105
14194,train,569656230769262592
7981,train,568907615809503233
13250,train,569906183487643648
5584,train,568883464923000832
8017,train,568870342443184128
604,train,570257377460514816
13896,train,569693664433156096
6812,train,570238950801059840
6010,train,568437004045672448
4202,train,567780888700669952
1405,train,569738748885278720
9877,train,569628242044428288
7436,train,569607852236640256
4215,train,567770993159307264
4064,train,567844362601697280
6738,train,567688411289755648
13989,train,569680835894497280
12544,train,570116487278501888
3516,train,568350913858965504
10967,train,568748242109927424
2459,train,569192549170032640
12550,train,570114451120074752
3476,train,568408759019524097
9935,train,569607757784952832
11699,train,567808843373105152
9673,train,569726849988878336
1026,train,569960440438099969
2986,train,568806237804109825
3790,train,568122371854307328
6892,train,570056726793359360
2901,train,568837168350699520
13023,train,569958232162222082
11209,train,568428263762214913
5634,train,568848068977799168
7052,train,569947357787385859
9788,train,569668051764969474
4678,train,569942482668167168
5643,train,568841522646552576
8963,train,567667301067915264
5564,train,568892942770786304
2434,train,569209543533699072
3141,train,568644260129419264
483,train,567785481161953280
10809,train,568858696198938624
9442,train,569936213760716801
6886,train,570060184908910592
750,train,570101670882840576
4373,train,570283248301043712
11470,train,568084495078785024
12423,train,570192886689628160
11689,train,567816651900583936
8241,train,568562657265131520
6983,train,569966215621246976
3306,train,568537219822010368
11827,train,567734506434854912
6807,train,570242512012451840
1262,train,569863453696876544
7538,train,569539287118692352
6676,train,567737449938685952
6187,train,568147483269971969
6323,train,568055766130827264
2775,train,568904684561408000
3344,train,568509134276050945
3359,train,568496673237929984
1871,train,569544120827379712
12568,train,570101550787350528
2384,train,569235062862036992
2860,train,568859503472422912
6243,train,568101606585020416
7922,train,568974096161234946
3438,train,568438724708544514
6934,train,570008005774860289
524,train,570297970891075584
2892,train,568844772191940608
7868,train,569146861082161152
9235,train,570043607954137090
2590,train,569014098811351040
9070,train,570251909447192577
2339,train,569253382898126850
9926,train,569612379811676161
1389,train,569747668232065024
7527,train,569542909533384707
4823,train,569697662494121984
4211,train,567773706707021824
2951,train,568817985147654144
10531,train,569220920218296320
12,train,570289584061480960
4471,train,570222660300378112
13503,train,569846545715228673
8203,train,568611819864117248
8685,train,568025019068108800
6126,train,568202940839800832
8354,train,568442989258911745
1061,train,569945073611374592
10887,train,568802225058926592
12468,train,570176385534300160
11944,train,570289085354541058
2903,train,568836642825375744
12432,train,570189507447775234
942,train,569999529677852672
11521,train,568053728944791552
6594,train,567765457731624960
11911,train,570300177367633921
3080,train,568720333634609153
10725,train,568937604328108032
8946,train,567727883993358336
9983,train,569592368518660096
10507,train,569242425530712064
637,train,570235195934117889
4925,train,569644414395486209
11583,train,567908831545544706
4005,train,567881305754595328
3367,train,568493225788510209
4729,train,569894088209596416
2005,train,569478901166055424
725,train,570121135603486720
3732,train,568165339290169344
9396,train,569951958552805376
7315,train,569672010734968832
4783,train,569779173461336065
3105,train,568672467889176577
4045,train,567853052943663104
10430,train,569313112089886720
9367,train,569968799576924160
8889,train,567771077359570944
11413,train,568134930137550848
3447,train,568433759919452160
13974,train,569683456990580736
9008,train,570288445156941824
2779,train,568903082765000704
8140,train,568737248931397632
13116,train,569937108095205376
4483,train,570213389005414400
7138,train,569926674353160192
14311,train,569636885863251969
2253,train,569296055478722560
10937,train,568775265406611456
1745,train,569606016070844420
1984,train,569491346647445505
13442,train,569863349737021440
10454,train,569288052725694464
7614,train,569506217271427072
12598,train,570093462738984961
7996,train,568894248457646080
1091,train,569930577643769856
7234,train,569855477854691328
5892,train,568510570799869952
7351,train,569650612545187840
2999,train,568803231335387137
6351,train,568034773156933632
7202,train,569890084893413376
1374,train,569751515461603328
7335,train,569666011147821057
6573,train,567773933928476672
13482,train,569852084536750080
12559,train,570103908607135744
4157,train,567802111321444352
7655,train,569418216935723008
5624,train,568853498726449152
9098,train,570225817873227776
12540,train,570121276016234496
11746,train,567781477761314816
883,train,570038694817767425
4486,train,570211577087041536
9113,train,570213946348560388
9784,train,569669547210309632
4047,train,567852278893416448
8761,train,567868027376517121
5071,train,569372947720179714
9216,train,570058065480962048
12925,train,569978312157589504
13934,train,569689239136423936
348,train,568522203198697474
11321,train,568213843618299904
7862,train,569156321636847617
6269,train,568086073814827008
3087,train,568706817980796928
943,train,569998289447354371
8034,train,568850938796118016
631,train,570236221575704576
4589,train,569994437390020608
11687,train,567818690096541696
5166,train,569288268530917376
14535,train,569602682505138176
6313,train,568058146729668608
6305,train,568069437506641920
6772,train,570288803849637888
14487,train,569608257607737344
11082,train,568526216958857216
2077,train,569383892542738432
7698,train,569341641200439296
13525,train,569841575737499648
12191,train,570265919676485632
9777,train,569671413671591937
11898,train,570305051819941889
12126,train,570281731510571009
7285,train,569690317869330432
2571,train,569035887956271104
1937,train,569513811285311488
13778,train,569718802029666305
12923,train,569978804690669569
4100,train,567822848878968832
10548,train,569194567603499008
12830,train,570006301968867328
4044,train,567853497435160577
699,train,570175238815657984
6412,train,567875147941552128
51,train,570006886012973056
5087,train,569357127040540673
13587,train,569817817522044928
1899,train,569529608862875648
918,train,570014689322643456
1966,train,569502869243736065
2026,train,569462023173619712
1887,train,569534175973396480
13797,train,569715419851796482
13964,train,569684864141824000
13068,train,569948411966976000
4719,train,569901998780198912
9739,train,569686000240345090
14092,train,569667918557900800
7530,train,569542052259766272
3901,train,568034530667274240
10098,train,569537708202307584
7026,train,569951211471962112
785,train,570081568733192192
9238,train,570042796624777216
8172,train,568636474637357056
1487,train,569701178054811648
4387,train,570275218515726337
10005,train,569579478168547328
1730,train,569614009369907200
506,train,570307109704900608
14005,train,569678456478404608
4875,train,569670962825846785
7880,train,569121160149012480
6536,train,567793635892174848
9297,train,569997350493663233
13260,train,569903088632352769
7114,train,569934048346251264
5525,train,568925579933671424
8932,train,567735239456194560
4467,train,570227698334720002
1884,train,569535503827017730
4191,train,567788423352950784
8892,train,567769468278988800
6565,train,567776832410636288
2107,train,569366138963959808
2011,train,569475306018353152
2215,train,569310717393944577
14392,train,569621879633391616
2109,train,569365278963798017
4331,train,570305078470557697
10117,train,569531768321269760
14161,train,569659668412407808
11405,train,568138996112445440
529,train,570294205999939584
4219,train,567767997981671424
10859,train,568821402389893120
4975,train,569589079710380032
853,train,570051191943483392
14508,train,569605602961281024
4322,train,567595670463205376
2278,train,569279586921353216
11679,train,567822117237170178
13467,train,569855866255462401
3273,train,568561041774231553
11323,train,568211517398786048
5741,train,568763087689379840
3352,train,568503322828783617
10704,train,568962249177436160
8494,train,568207228412542976
9549,train,569882442129133568
5220,train,569252529596297217
10712,train,568957173692108800
13919,train,569691079471050752
4502,train,570197979820224512
13843,train,569703616426045441
2997,train,568803598638796800
5837,train,568562631616942080
14423,train,569618056605016064
4405,train,570268558451720193
6823,train,570227706140323840
4175,train,567793696956231680
5416,train,569124416891817984
3807,train,568109598034554880
8003,train,568888167681695744
1535,train,569676933778292736
13182,train,569919703054991361
5249,train,569232776454483969
10701,train,568964010101514240
2196,train,569319239900725248
9527,train,569891260405665792
7955,train,568931575980814336
8363,train,568438528666959872
11576,train,567919531068391425
2273,train,569282312203997185
1926,train,569516969969389568
44,train,570013523650048002
2233,train,569302758018420736
14635,train,569587686496825344
717,train,570138826032713729
12479,train,570172549910409217
11595,train,567898269961101313
1653,train,569634833917452288
11926,train,570296986827694080
12839,train,570002679142854656
3668,train,568194770524221440
8564,train,568161102254616576
10975,train,568646628795666432
7087,train,569938796986433537
9740,train,569685606202093570
5146,train,569309777567875075
7828,train,569223830759059458
5533,train,568914672826474496
3213,train,568591705802469376
11604,train,567889710129029121
6746,train,570309345281486848
6390,train,567887646162161664
11585,train,567908702088376320
4994,train,569565359524716544
8243,train,568561033641480192
8513,train,568199101981937665
5131,train,569318905476476928
11556,train,568008391773196288
5791,train,568596145456291840
8257,train,568552775325364224
3400,train,568466370205237248
9262,train,570018836239364096
2669,train,568963006547111936
5112,train,569336871853170688
3747,train,568156641339805697
14089,train,569668637369491458
12076,train,570298744723415040
24,train,570256553502068736
6466,train,567830740373868544
4929,train,569640446999203842
7215,train,569880288702173184
8649,train,568081068278075394
10620,train,569118675070005248
5910,train,568494397144358914
13580,train,569821309137514496
5878,train,568524407850688512
4085,train,567828700726620160
12632,train,570081679844319232
6288,train,568081316282916864
9249,train,570023602793238528
1411,train,569730682949398528
7681,train,569348268154609664
8114,train,568778374451220480
5017,train,569534939642925058
4071,train,567838799243309056
5926,train,568482252168019968
7017,train,569953847797530624
5936,train,568471761051721728
1894,train,569531484903772161
11189,train,568447513759522816
12515,train,570134947828080640
6428,train,567864832235405313
3258,train,568565044994158592
803,train,570074833993670657
11901,train,570303889754488832
718,train,570136977074491392
1053,train,569950355330506752
5537,train,568913346675613696
10086,train,569541291467522048
4952,train,569612549458522113
14534,train,569602798867881985
964,train,569988078015815680
13142,train,569930805688053761
11388,train,568153430776287233
2162,train,569334462292434944
1769,train,569592626300751873
10177,train,569506137013420032
3470,train,568414872578465792
8076,train,568808318560550912
1516,train,569687374193680384
8814,train,567826599270416385
5541,train,568911099740839936
7187,train,569905336380989440
2210,train,569315664156069888
2627,train,568985883589906432
10321,train,569372340309651457
2335,train,569256434736746496
8728,train,567896250013601792
705,train,570164810144481280
4447,train,570250554670125056
3657,train,568204042964332544
7247,train,569786249508048896
5796,train,568589732520665089
9977,train,569595534916202496
8286,train,568530694353190912
7668,train,569366846547369984
6529,train,567800671572926464
13441,train,569863705841831936
9892,train,569624021605740545
9757,train,569680782622633984
11052,train,568564342150598656
1304,train,569841224221392897
6024,train,568431720707579904
11131,train,568490860901478400
2392,train,569232480181489665
8274,train,568540097639030784
254,train,569011849976348672
196,train,569277854950817792
7891,train,569087442092826624
13383,train,569877197093097472
9907,train,569621365634015232
11974,train,570279368766959616
9827,train,569649590632374273
2458,train,569192902922006528
13295,train,569894969332400128
13484,train,569851952282112000
11491,train,568073860911927296
10952,train,568768864793681921
1406,train,569738245237395456
13659,train,569766964895166465
9229,train,570048188830216192
10889,train,568799336097656836
73,train,569946362126602240
4690,train,569930801577644034
13181,train,569919787888988160
13929,train,569690131235340288
6918,train,570021779521085440
4413,train,570265397058002944
1122,train,569920661642088448
2047,train,569435214717562881
12152,train,570275384714862592
9296,train,569999956796444674
709,train,570160277934747648
3420,train,568456844429160448
9992,train,569587663692554242
4770,train,569846771301654528
4958,train,569606089316167680
10090,train,569540652935069696
6185,train,568148807684198401
13763,train,569721039158173697
11455,train,568104985935753216
6150,train,568180422070247424
12158,train,570273710210469888
3545,train,568278231973044225
11261,train,568259618884993024
3558,train,568270132956409857
1830,train,569565822571679745
10855,train,568823817679847425
1195,train,569899063790825472
11942,train,570290220589027328
12530,train,570123386925539329
1440,train,569716774431666176
7105,train,569936613016350720
14011,train,569677848983801856
13834,train,569705276481282048
12037,train,568265091226800130
14316,train,569635939422593024
14588,train,569595309279440896
7497,train,569564824939556864
4856,train,569679850773958657
5385,train,569153793058672641
166,train,569482263345307648
14338,train,569631575819710464
5289,train,569211825218318336
365,train,568472719102234624
14581,train,569596156927303681
9760,train,569678919307280384
9247,train,570024409630515202
4018,train,567871780188061696
13975,train,569683397657767937
12566,train,570101777934086146
8051,train,568835573982633984
284,train,568865011717705730
10336,train,569364189753544705
11659,train,567842647739654144
7350,train,569650936911683586
3671,train,568192567348604928
5665,train,568828267660054528
12102,train,570290334158225408
10230,train,569477458023616512
14569,train,569597962659110913
3975,train,567895211575111680
509,train,570306217001799680
1875,train,569541591586643968
1128,train,569918932116643841
14355,train,569628494214225922
9477,train,569914295854739456
10852,train,568824193380425731
3909,train,567999609248858112
6759,train,570294460476760064
6389,train,567888186967470080
9050,train,570269272502607873
8993,train,570295658185408512
7242,train,569836725612220416
5898,train,568502021390786561
3978,train,567894706325188608
11895,train,570305264613765122
4971,train,569590208095768576
10065,train,569552426698723330
13888,train,569695286907551745
5455,train,568984950709432320
829,train,570060997907447810
9642,train,569759259480600577
5432,train,569071393356288000
5083,train,569358476402499584
5075,train,569365709500710912
4633,train,569971949440524288
162,train,569562202405019650
8779,train,567852550512181248
9927,train,569611341394264064
5907,train,568494692117155841
7890,train,569091378438746112
7687,train,569344914485583872
12674,train,570066226233417728
1878,train,569539000312188928
4425,train,570261977332731904
12654,train,570073396152676352
6805,train,570244951914782721
7799,train,569236960528756737
9116,train,570208640520622080
13795,train,569715802703859712
6212,train,568125472527097856
11747,train,567781227537915906
4252,train,567748973428219904
1393,train,569744378354401280
6175,train,568159614069444608
10062,train,569553488885243904
10400,train,569330337735696385
5506,train,568940981321637889
13021,train,569958485913243648
12630,train,570081797427621888
3364,train,568493806414381058
144,train,569614024578600960
9204,train,570069362310324224
1753,train,569603236711305216
3903,train,568030057769410560
2688,train,568954593591369728
3117,train,568656888935481344
12413,train,570195799256072193
3976,train,567895077189627905
9720,train,569698882797641728
9747,train,569683111404908544
11038,train,568593538520231936
2867,train,568855468975759360
13033,train,569956285828853761
4797,train,569727036627034112
8559,train,568165395279929344
2054,train,569419949007085568
3301,train,568541016472432641
11032,train,568601527591440386
12469,train,570176104541122561
13920,train,569691049116839936
2924,train,568830614289252352
8597,train,568130484934459392
5563,train,568893092927029249
13041,train,569953006847954944
11617,train,567874261085454338
753,train,570099762709581824
4715,train,569904613069103104
1356,train,569780368309657600
1936,train,569514001450672128
11643,train,567855788699607040
6052,train,568404564375969792
4947,train,569615736387325952
271,train,568920221882257408
8910,train,567758020239966208
13048,train,569951566784045058
11627,train,567864395264573441
3106,train,568672436977168385
7387,train,569629537400696832
13341,train,569885605401915392
13354,train,569883543536574464
13112,train,569937987619803136
2488,train,569170541250129920
5626,train,568852204750135296
13768,train,569720366198759424
4490,train,570208349339262976
14127,train,569663851928485888
12120,train,570283309093113856
12555,train,570106218825564161
11781,train,567762670045364225
8698,train,567980868997763072
10532,train,569220438397751299
13775,train,569719540520628224
4680,train,569941247546286080
557,train,570280548922499073
11655,train,567847344307347456
1415,train,569725892324253696
3150,train,568635531900243968
10404,train,569328931905642496
885,train,570037336886546432
1223,train,569878139003740163
12746,train,570038882294607873
8895,train,567768330624372736
13918,train,569691100090273792
283,train,568867068331864064
5826,train,568570374335524865
1728,train,569614679154143232
13789,train,569717605277130752
13421,train,569867582070591488
10443,train,569300435091251200
11179,train,568454157478326272
13138,train,569931787398303744
6461,train,567833231434723328
6802,train,570246294582771712
12671,train,570068393736302594
12533,train,570123136542224384
4541,train,570050402294636544
10617,train,569120836264853505
9684,train,569719242427396096
6626,train,567752680514330624
14018,train,569676866824642561
3179,train,568612163578773504
4696,train,569924679206457344
10902,train,568790795253186560
9612,train,569825133705216001
693,train,570179158594220032
13790,train,569717037464838144
3343,train,568509763048357888
7818,train,569230445654740992
12032,train,569601363799359488
2449,train,569199524629110784
4239,train,567760901869416448
12618,train,570086488324485121
12662,train,570070044547403777
9649,train,569758145020428288
14294,train,569641336652967937
437,train,568064123621093377
7893,train,569083132353204224
11520,train,568053919575875584
7365,train,569643287918845952
10225,train,569482278646124544
10810,train,568857663171366912
11086,train,568522744356212738
9128,train,570196428364111873
12658,train,570071877089148928
5317,train,569203468419751936
13792,train,569716270184173568
13000,train,569963701794516992
2673,train,568962468766212097
5224,train,569250176369471489
3425,train,568450642085171200
4691,train,569929973156327424
7729,train,569301330306699264
9643,train,569759131143262208
4043,train,567853644420423680
11964,train,570281854139572225
6370,train,567912504656965632
7479,train,569576074050473984
13581,train,569821145697890304
9363,train,569969218306904067
1909,train,569525760337162241
9680,train,569721604315312129
12722,train,570045585149063168
7262,train,569718205524127745
3390,train,568471227418832896
223,train,569221440794271745
11396,train,568142922031501312
2393,train,569232221397065728
2736,train,568927727627202560
5296,train,569209016276004864
12457,train,570179562174328832
9700,train,569709195936735232
3850,train,568081386520723456
10737,train,568922138348019712
11360,train,568171538324840449
867,train,570044681670696960
3406,train,568462632719491072
1432,train,569722907187752960
11370,train,568164721406418945
7942,train,568958770849705984
12610,train,570088135851266048
3782,train,568129661227499524
3062,train,568756110456270849
4208,train,567775418612195328
2216,train,569310253315174400
5652,train,568833608460283904
2614,train,568995205271015425
1289,train,569850899310358531
4268,train,567742141334437888
10869,train,568811771315814401
1695,train,569621528951660545
14319,train,569634918973751297
6510,train,567811093369790464
6043,train,568421124201017345
10645,train,569016588411789312
11147,train,568481179646758913
7381,train,569633036251340800
10867,train,568812675175591936
12565,train,570101803708080128
1584,train,569655584540266496
1072,train,569936580883783680
6231,train,568107472260624384
5119,train,569332773326090240
6287,train,568081678272307201
5159,train,569293537864499200
12418,train,570194709261488129
5411,train,569130625053155328
1460,train,569710260136640512
4173,train,567794573495250944
5111,train,569336975750094848
372,train,568456334581981184
6979,train,569967910417866752
11756,train,567777187265515521
14189,train,569656873315487746
3401,train,568466243210108928
8012,train,568876711300997121
245,train,569179517522046977
1446,train,569715707736420352
6179,train,568154689449168896
10525,train,569226044118581248
10983,train,568638903097421824
6751,train,570305098557091840
7029,train,569950567663050752
7622,train,569498738856755200
11657,train,567846359631564800
7099,train,569937664964743169
11425,train,568126621611372545
8763,train,567864793404555264
5359,train,569168102212001793
3543,train,568279456780980226
2357,train,569247579692781569
4050,train,567850537716092928
3826,train,568095956866093057
13548,train,569835766416867328
3513,train,568352500748849153
2893,train,568844097374560256
7119,train,569930252606164993
2150,train,569338341306572800
14070,train,569671087820111872
2961,train,568815280903864321
11660,train,567842466851905536
8446,train,568251373189349376
531,train,570293265221742594
7972,train,568917869762904066
13129,train,569934076641030146
107,train,569884407852437504
13902,train,569692664720797696
959,train,569989023478841345
4717,train,569903377598914562
3123,train,568654556634021890
247,train,569165709516759042
13784,train,569718285060706304
5539,train,568911873438920705
12962,train,569972985521532929
13508,train,569845438494457856
13612,train,569799734774272002
11760,train,567776364351074304
4772,train,569843082994315264
11031,train,568602156988657664
11587,train,567908046619439104
14549,train,569600927394631680
1608,train,569646535215939585
12542,train,570118668551458816
14485,train,569608282442047488
3955,train,567919961055711232
7873,train,569138202424025088
14039,train,569674812781694976
2006,train,569478023679905792
995,train,569970938525016065
11845,train,567729241312489472
1570,train,569662077742096385
7257,train,569729732952109056
7994,train,568895587900207104
7561,train,569530599129501696
13345,train,569884756684476416
4749,train,569877658286186496
7905,train,569003165984534528
8240,train,568566512308523008
13599,train,569806030584057856
4315,train,567663136082513920
14461,train,569612307363266560
13898,train,569693551589756928
2584,train,569021768788090881
13629,train,569789622491820032
1176,train,569905124723675136
10637,train,569072664997801984
5484,train,568951506042425346
5649,train,568836477099995137
10413,train,569324647906480128
14100,train,569666689589231616
2766,train,568913508936458240
2656,train,568967381860503552
2869,train,568855251123449856
3968,train,567900686089719812
4440,train,570253313368698883
910,train,570019785788022785
4695,train,569924965446725632
2323,train,569259186711764992
10611,train,569126397161054208
1154,train,569912710848057344
1088,train,569931387073105920
8521,train,568195569350549504
3485,train,568390014238916608
12984,train,569968010431066112
9538,train,569886537128632320
6057,train,568391382496378880
4988,train,569571448412438528
9275,train,570012421345005568
820,train,570066391388172290
180,train,569323106210152448
10690,train,568971304914853889
10562,train,569181501830656000
3139,train,568645962425446401
12636,train,570080608996556800
12626,train,570084690608201728
9773,train,569671871634935809
4418,train,570264481772777472
12647,train,570077011324096514
12915,train,569981614543007747
4303,train,567725163077070848
2858,train,568860308980117504
14168,train,569659364530728961
8032,train,568853321659736064
13032,train,569956658199134208
5852,train,568546953262436352
11124,train,568491813528576000
5819,train,568573661378174976
6081,train,568274752864948224
2383,train,569235954789015552
8402,train,568423284401836032
10564,train,569180231782801408
9665,train,569735732060753921
5483,train,568951532252585987
14475,train,569609887388270592
1644,train,569637147067551746
11869,train,567721945954009088
4514,train,570089091276128258
13114,train,569937673206534144
12921,train,569980358206361601
3254,train,568568197147799552
8867,train,567785752751505412
498,train,567742578561650688
5339,train,569180541662027779
2598,train,569009316490911745
5196,train,569262088008417280
8405,train,568420497563598848
2993,train,568805444761681921
12481,train,570171986648965120
8505,train,568203124760055808
11447,train,568110197966643201
6930,train,570010882069151744
6494,train,567817558418804737
7310,train,569672563506458624
1970,train,569500360651509760
13060,train,569949655905263616
2567,train,569056573731020800
11001,train,568626368373780481
7424,train,569618014141751298
2622,train,568987648691449857
561,train,570277418642120704
1699,train,569620432204267520
12586,train,570097456786104320
10382,train,569340402786025472
5446,train,569002132621398016
8284,train,568531409209421826
1441,train,569716703556444161
9787,train,569668179758350336
5237,train,569242689348071425
8404,train,568422658494185472
9032,train,570276681551732736
9844,train,569644249337110528
12732,train,570042963021205504
13880,train,569696824061235200
6607,train,567760331829559296
4820,train,569698840149950464
6214,train,568122064919527424
1491,train,569699471954587648
4592,train,569993176636739584
8311,train,568498114300153856
765,train,570091109675769856
10615,train,569124024426618881
12943,train,569975126659342336
10555,train,569189550570016768
5673,train,568821268239089664
12614,train,570087222663229440
11989,train,570275536406253568
5014,train,569542114234671104
358,train,568491256508231680
11517,train,568055678201438208
11992,train,570275314036649984
3415,train,568458701046050816
4099,train,567822865844928512
1049,train,569952408450805760
4762,train,569865352986951680
3360,train,568496575716175872
8829,train,567811776566542336
6042,train,568421605132484608
2367,train,569243519652470784
7041,train,569948225278480384
6102,train,568228761566642176
3305,train,568538044703178752
1522,train,569683734951170048
9441,train,569936893325897728
8470,train,568220169803325440
6156,train,568176529584173056
5265,train,569225489329598464
9640,train,569759330662109185
11254,train,568282478076669952
125,train,569674358135914496
11982,train,570276414567493633
5526,train,568925459540344833
4129,train,567811913586876417
6955,train,569991184120193025
1673,train,569629228225859584
2826,train,568882449922416641
2300,train,569271943188209667
9682,train,569719964023853056
2649,train,568970614238617600
12994,train,569965247093731328
234,train,569201943131738113
3025,train,568793043664560128
2876,train,568851544537481216
11127,train,568491224946098176
9240,train,570037369841135616
6585,train,567769620648828929
2675,train,568961016782036992
7726,train,569304186548047872
4985,train,569577548318777345
8066,train,568818695562260481
4890,train,569667923326971904
3037,train,568786035053760512
10285,train,569392880911036416
6048,train,568413673330331648
1832,train,569565328012763137
3396,train,568468409471492096
12920,train,569980365386809344
10389,train,569337605223006209
2697,train,568951462413209601
1975,train,569497092655345664
6029,train,568429136584286209
13900,train,569692982955237377
11028,train,568605001666449408
293,train,568840560347373569
239,train,569197967959154688
3089,train,568701051903336448
9999,train,569584057270575105
8353,train,568443892569235457
13040,train,569953475640995840
568,train,570275123854487552
1702,train,569620098467569664
9140,train,570151995472027649
4023,train,567868808586620928
897,train,570027321178099712
1161,train,569909742447009792
1367,train,569762067097501697
7695,train,569342393943773184
12150,train,570275536406253568
11590,train,567905194563997696
7661,train,569385087424458752
11223,train,568402562107498497
1980,train,569495111337275392
9390,train,569958552493793280
13853,train,569701122899775488
8897,train,567766755797389312
6426,train,567866511626346496
6753,train,570303683872886784
9824,train,569650751598944256
6337,train,568051605247021056
6172,train,568162290890964992
12519,train,570130792443039744
5352,train,569171631756546048
671,train,570205880504815616
178,train,569348775631675392
2045,train,569438763115536384
9084,train,570239546673238017
2027,train,569461666695524352
4886,train,569668677731274752
2405,train,569225585181880320
4450,train,570248600623521793
10311,train,569375244751745025
917,train,570016052895092736
3663,train,568200385849995264
12754,train,570036327825195008
6988,train,569962605671919616
5079,train,569360777926217728
8336,train,568474423742738432
7251,train,569746271336062978
2424,train,569213892980641792
6216,train,568118177537744897
3346,train,568507977235365888
7908,train,568995644276383744
4207,train,567775456678912000
12635,train,570080703171448832
8630,train,568098677618683904
8896,train,567768306799882241
1303,train,569842196045656064
3154,train,568629979719675904
9776,train,569671485930876928
10808,train,568858974281314304
387,train,568382154071089154
1502,train,569696313824161792
864,train,570048528602374144
13125,train,569934371488202752
9710,train,569702495926267905
645,train,570230752476049408
5357,train,569168515674058752
7798,train,569237160886276096
10251,train,569456923663151104
12945,train,569975063094501376
7993,train,568896227917451264
7267,train,569708004075044864
13380,train,569878537999503360
2297,train,569272738826694656
12012,train,570270039737274369
10830,train,568840215089041409
3028,train,568788947859607552
6962,train,569984773365612544
8139,train,568743141861228544
3109,train,568669880922165248
12826,train,570006830405046272
5879,train,568524265663803395
8383,train,568432405482229760
9534,train,569888646633017344
7526,train,569543012914565126
2143,train,569340200934969344
11328,train,568210512405790720
11991,train,570275384714862592
13720,train,569736870927556608
5785,train,568605600273141760
9444,train,569935639539425280
5248,train,569233400592257024
14409,train,569620433869217792
1009,train,569967197478526976
10029,train,569564566272811008
10149,train,569522479049400320
860,train,570049697924009984
752,train,570100214733737985
4183,train,567790995148783616
10721,train,568940264020004864
211,train,569244860286263297
8304,train,568502766747971585
7853,train,569178210325430272
10227,train,569480594419281920
9727,train,569693042040418304
7476,train,569576321011077121
1916,train,569521863891804160
507,train,570307026263384064
4227,train,567766554600038402
7875,train,569130620963696640
9019,train,570281232287731712
5728,train,568773575705899008
6540,train,567790581901971456
14605,train,569592447455465472
12749,train,570038498566283264
6608,train,567760115579621376
7209,train,569888159707738113
4510,train,570100409009770497
9418,train,569943857418399746
6666,train,567738715657609216
6440,train,567858173282906112
4681,train,569940430365847554
2547,train,569096764835414016
8298,train,568510973469855745
10023,train,569566712397471746
10544,train,569198999904886784
3912,train,567987284613545984
7858,train,569168865256546304
11307,train,568222090769379328
13794,train,569715860241129472
8732,train,567893822585327616
2236,train,569302490421833729
13141,train,569931327253966849
13518,train,569843485911560192
2119,train,569359780491476992
2532,train,569125033509048320
493,train,567753757702647810
5144,train,569310885191286784
836,train,570057601976631296
1527,train,569681746037383168
3726,train,568166195758829568
4808,train,569708173831094272
13948,train,569687399426617344
716,train,570142263290011649
6304,train,568069616003629057
10248,train,569459455273897984
10529,train,569223492987723778
6588,train,567767091579592704
12009,train,570270651996463104
1447,train,569715687469420545
5701,train,568797729876344833
10253,train,569454891644674049
9872,train,569630148468670464
4835,train,569688749208178688
7715,train,569312396097003520
11174,train,568457722909368320
12337,train,570225101104226304
9352,train,569970853334650880
7907,train,568996575617409026
9656,train,569757094166994944
9523,train,569893554753040386
13636,train,569786720562110464
3334,train,568516490405679104
4038,train,567856598762156032
1248,train,569867107749531648
3984,train,567892179953262592
356,train,568495808053702656
2936,train,568825730718666754
667,train,570210970330669056
12284,train,570242829294960640
8598,train,568128390487789568
13342,train,569885201293307905
812,train,570069236971806720
6653,train,567743010322935808
817,train,570066805810601985
1687,train,569625173176901632
13261,train,569903058299199488
14017,train,569677287551049729
3296,train,568545648284340224
1741,train,569608734332162048
74,train,569942903683813376
5059,train,569482685061554176
3960,train,567916798747619328
1815,train,569570819757752320
2359,train,569247029446119424
13881,train,569696793652371456
7847,train,569189652080533504
2862,train,568858368829313024
1968,train,569501080607813633
195,train,569282249717194754
12712,train,570050635703300096
13132,train,569933646385188864
1549,train,569667082499035137
13649,train,569771576528220161
13653,train,569769643864408064
6225,train,568110095646781440
13677,train,569754108321607680
9040,train,570273188485197825
7273,train,569702870423117825
7455,train,569592675638382592
2103,train,569366968446246912
12845,train,570002051108769792
1771,train,569592022635585536
13001,train,569962943980285952
10026,train,569565598772043776
3763,train,568144831496593408
4512,train,570097607478874112
3735,train,568162409837400064
4033,train,567862454576787456
5204,train,569259613041897473
3861,train,568070338438963200
9312,train,569989043456380928
10445,train,569297324285022209
658,train,570219942961922048
7586,train,569525452081111041
1737,train,569609923807440896
8250,train,568558562810544129
7014,train,569954824265076737
6006,train,568437777647460352
12709,train,570051874537271296
12974,train,569970829322260481
4998,train,569557305961750528
4278,train,567735983370539008
14541,train,569601869598867456
4386,train,570276440874323968
10674,train,568994622866915328
14428,train,569617089155211265
3965,train,567902121992921088
536,train,570291213007491076
4934,train,569635513138860032
8693,train,568011010029838336
4242,train,567758882484793344
14594,train,569593810390425600
9539,train,569885003020181504
202,train,569261128532041728
3576,train,568258846235316225
6538,train,567791323597524992
13275,train,569897748859744257
1792,train,569582862472577024
11673,train,567832153670705152
3759,train,568148149610483712
874,train,570042013908914176
25,train,570249102404923392
3830,train,568094311159476224
1096,train,569928552621182976
12668,train,570068466717237249
10913,train,568787831436345344
6435,train,567860982422306816
14057,train,569673044802854912
3330,train,568522747501895680
13423,train,569867211852156928
6462,train,567831380157206528
13865,train,569699437901000706
6398,train,567881925727113217
4165,train,567798174946172928
9820,train,569651459152859137
6776,train,570287303681294337
11196,train,568442952176918528
9823,train,569650819894652928
6248,train,568096674167595008
11973,train,570279653337927680
12256,train,570250371110539264
7178,train,569918453722656768
14548,train,569600985007558656
8583,train,568146088416448513
14076,train,569670523765960704
2093,train,569369416963633152
3829,train,568094342302322688
3414,train,568458813189197824
1283,train,569853646411661314
1146,train,569915133113323520
1689,train,569624798860587008
10910,train,568788849440063489
7002,train,569959406927945728
12462,train,570178443167571968
6882,train,570066166930145280
2778,train,568903193930764288
7648,train,569439829328408576
6418,train,567870895383015424
13153,train,569927042931814400
2581,train,569025196230877184
6292,train,568078285520785408
1315,train,569836305066041344
10881,train,568806267940048896
10157,train,569518200410546176
5997,train,568440058895863808
9078,train,570243874062503936
139,train,569619569372823552
1245,train,569868207940603904
10590,train,569154174929244162
5125,train,569324719993827329
12484,train,570166071640133632
12188,train,570267037911670784
7054,train,569947332135018496
7594,train,569520477351383040
10341,train,569361898581467136
8783,train,567849376925618176
1595,train,569650401085157376
14626,train,569589460226183168
1467,train,569709136813826049
9938,train,569606281998299137
2331,train,569257818789978113
4249,train,567752396097351681
2266,train,569287318898495490
10801,train,568863640721477632
8840,train,567807333498355713
2946,train,568819285990215680
13562,train,569830322357084160
13927,train,569690272830922752
251,train,569022319437357056
7245,train,569830923597955073
13735,train,569730801480245248
7422,train,569618489788346368
8093,train,568798264943902720
603,train,570257563003920384
1963,train,569503165713948672
3488,train,568383474303959041
8246,train,568560685568937985
7082,train,569939265154617344
8891,train,567769879759962112
4624,train,569976030603059200
430,train,568093957080551424
1226,train,569876171875328000
3910,train,567997819560333313
936,train,570001906199887872
3315,train,568533371602608128
3972,train,567897640035160064
1172,train,569906831352578049
2589,train,569015669347319808
2841,train,568873474392854530
5036,train,569507649940799489
8253,train,568554719934844928
14102,train,569666244317618177
13435,train,569864863171764224
201,train,569261347688607744
14232,train,569649747213987841
9592,train,569854370726064132
6003,train,568438257454682112
7855,train,569176746735632384
8980,train,570304440017788929
2714,train,568944096687075329
1019,train,569963645402099712
1552,train,569666686086819840
1011,train,569966609080586240
5013,train,569543955622338560
449,train,567971610801664000
695,train,570176998355701760
6678,train,567736870365171713
7394,train,569627907871502338
5167,train,569288008144330752
9694,train,569715656632999936
6671,train,567737962541375490
7866,train,569152074052542464
2372,train,569242037968445441
4141,train,567806788708626433
5630,train,568849994167529472
9233,train,570045818205384704
11213,train,568422177571258368
9908,train,569621238152368128
3999,train,567883485542658048
61,train,569989034501500928
7101,train,569937260994564098
277,train,568890074164809728
9006,train,570288981847502850
1852,train,569554937744486400
8261,train,568548980122103808
8325,train,568487293100691457
11326,train,568210928484913152
11087,train,568521303956656128
1482,train,569703480933408768
4162,train,567800823674310658
3691,train,568185323668291584
6755,train,570297402281893888
11266,train,568257392195936259
10198,train,569493018081947649
9251,train,570022626724220928
10986,train,568637070207422464
3736,train,568161901089132544
14606,train,569592402085847041
7074,train,569939932191559680
6788,train,570277054635057153
4468,train,570226870119215104
13714,train,569738779931623425
7120,train,569929677571166208
13987,train,569681251734409216
8219,train,568600552814174208
413,train,568144330268868608
10164,train,569512408420622336
13297,train,569894690566369280
10141,train,569524497377861632
10069,train,569549401364029440
5779,train,568611700674584576
9790,train,569666826352898048
2374,train,569240866684071936
5841,train,568559061668507648
13070,train,569948314948530177
9120,train,570205604314255360
9509,train,569899102198206464
5193,train,569264118219214848
1877,train,569539834131443712
12047,train,570307312675651585
133,train,569633279546036224
7852,train,569179937841815553
4070,train,567838896731615234
8869,train,567783892711526400
6460,train,567833247242264577
1178,train,569904716328673280
10689,train,568973830086995968
4204,train,567778703959408641
1521,train,569684282706259968
944,train,569997351412228097
1709,train,569619171866222592
6929,train,570011200613806082
3118,train,568656758027063296
4098,train,567823510245236739
1708,train,569619205298855936
8628,train,568098794031714304
10083,train,569542699222573056
5963,train,568456567835619328
10798,train,568867930127114240
7140,train,569926608997498881
14125,train,569664007864492032
11310,train,568220033299542016
13696,train,569744516715913216
13426,train,569866310793826304
4855,train,569681184898162689
13708,train,569740152966238208
13412,train,569869506560069633
333,train,568602941940043776
7339,train,569662513111023616
9752,train,569682228269068288
11469,train,568087284483928064
12136,train,570279220502511617
2355,train,569248843532886016
3486,train,568388502431395840
4230,train,567765716527771648
4497,train,570203916643766273
5116,train,569334621252526080
456,train,567855171335626752
5834,train,568563324704706560
9400,train,569950215513497601
608,train,570252666439385088
1555,train,569666352794898432
11115,train,568494962880475137
4569,train,570009897846374400
1836,train,569562383489896448
12483,train,570167726972538880
14267,train,569644041857421312
3727,train,568166099184783360
2657,train,568967313598386176
7808,train,569234639233142784
5413,train,569127429702348800
4097,train,567823707160354816
4618,train,569977819389800448
9852,train,569639784819372032
4119,train,567814633047728128
8975,train,570306867135696897
980,train,569979211722596353
11680,train,567822098950791168
6633,train,567750645462360064
1524,train,569683567552262145
3020,train,568795791445209088
840,train,570055898367799296
307,train,568803996774879232
8260,train,568551350025330691
10804,train,568862015575461889
423,train,568114097142652928
1065,train,569940883975446528
10237,train,569469169927720960
10199,train,569492838448300032
6181,train,568151905165316097
6737,train,567692251954827265
11609,train,567881731967229953
517,train,570299388670701568
8835,train,567808067237326848
12010,train,570270444646850561
7850,train,569185441171316737
10482,train,569261236094967808
2749,train,568921407813521409
6783,train,570280008557547520
7812,train,569233260108124160
12379,train,570212842206580736
5622,train,568855357923074049
2231,train,569304100048912384
12807,train,570014637397295104
6493,train,567818765888557056
12386,train,570206562855329793
13602,train,569804589437812736
1286,train,569851578276048896
14457,train,569613523648532480
5613,train,568860857326637056
11780,train,567762685200228352
174,train,569368160291463168
7210,train,569887654713499648
9189,train,570078049779081216
11281,train,568245429491654656
2566,train,569058014650433536
11359,train,568172839758630912
14375,train,569625210070175744
7142,train,569926460036657152
4776,train,569834388919328768
8202,train,568612181480243200
10775,train,568885966523527168
6554,train,567781675514343424
9347,train,569971550008573953
69,train,569967019958730753
10070,train,569548800169283586
893,train,570031379456643072
5229,train,569247724496822272
173,train,569369239183872000
14327,train,569632660831625216
10642,train,569031663520489472
8699,train,567973066929614848
1829,train,569566232803803136
11828,train,567734499669454848
2495,train,569165652876881920
1719,train,569617064375271424
13682,train,569750857215922176
9108,train,570217639584395264
1976,train,569497031322030081
12918,train,569980695184957441
12438,train,570187239864414208
2756,train,568917936783491073
5109,train,569338800452669440
4391,train,570274049118625792
3846,train,568085636592349184
12196,train,570264948548313088
330,train,568607562251108352
12641,train,570079030029848579
11449,train,568107310117212161
5101,train,569345829653254145
8973,train,570307109218340865
14466,train,569611721054162945
11333,train,568200350697717760
263,train,568940002849255425
1378,train,569749422482960384
12941,train,569975287364001792
11003,train,568623037962039297
3483,train,568396205270691840
8398,train,568424902287446016
7128,train,569927792781086720
13248,train,569906532277731328
13054,train,569950980638412800
13748,train,569727598130962432
4780,train,569813138910130176
1956,train,569504232971362304
14071,train,569671053594591232
2516,train,569144072843063296
13815,train,569711436781322241
187,train,569310635986546688
13586,train,569818121302896640
8020,train,568862241497305088
1435,train,569721972600528897
12073,train,570299824760860672
11364,train,568169732895051777
349,train,568519971971538945
2797,train,568895188338380801
4782,train,569791667827388416
3646,train,568210483959836672
8706,train,567918931148685312
2262,train,569289573395800064
10295,train,569386555107733505
4652,train,569957187138797569
1732,train,569613526328717313
475,train,567806884191944705
12320,train,570234327071629312
13988,train,569680920162258945
4014,train,567872769049825280
9464,train,569921842204565504
14186,train,569657504273027073
4104,train,567822548545859587
4052,train,567849597931888640
9201,train,570071071220609024
9669,train,569731306092961792
1080,train,569935261947330560
5954,train,568463093568835584
4964,train,569601658491002880
7805,train,569235531973832704
14339,train,569631567032627200
11874,train,567710245053407232
7941,train,568959170730266624
7619,train,569502050536587264
14302,train,569639607639285761
11206,train,568434509017960449
8097,train,568796340714639360
10753,train,568908978001993729
14443,train,569615540089700353
6028,train,568429188975173634
7289,train,569686267354599426
1194,train,569899917935714305
11987,train,570275726483542016
8452,train,568244071770296320
5108,train,569340341956038657
434,train,568079278505463808
11362,train,568170794670551040
11319,train,568215307170521088
2870,train,568855071322198016
11416,train,568134058242400256
11838,train,567730390291714048
472,train,567807288192290816
8775,train,567855566590255105
13983,train,569682010270101504
12091,train,570295901555699712
952,train,569991606385967107
9405,train,569948119712063489
2139,train,569342220534288384
12089,train,570296572375900160
14560,train,569599269189107712
9082,train,570241590758920192
5320,train,569201464658173952
595,train,570260118043914240
3939,train,567939242854215680
10073,train,569547782039728129
4182,train,567791059393335297
8634,train,568094760151486464
8702,train,567947508208377858
495,train,567745903474540545
11857,train,567727159096385536
14048,train,569673900805783552
12576,train,570100233398571008
11950,train,570287271234174976
800,train,570077847672328192
5284,train,569215950597201921
3755,train,568148294087479296
9533,train,569888762982850560
4195,train,567786475262345216
4625,train,569975684476641280
5995,train,568440514506301440
11057,train,568553063935557632
12676,train,570065322369101824
6912,train,570035525761011713
8543,train,568176390325075968
7333,train,569666838340210689
2713,train,568946758404808704
7163,train,569924101080535042
4229,train,567766329352921088
7464,train,569584372820647936
2803,train,568893275907575808
3786,train,568127152450871296
3373,train,568486216464785408
6238,train,568104783061520384
3461,train,568424307031805952
4917,train,569649779090833408
43,train,570015408788414464
1143,train,569915550127800320
6369,train,567919829589442560
11796,train,567755542362591233
7108,train,569935956880420864
3133,train,568649643187310593
8883,train,567773176031145984
1643,train,569637373853745152
9403,train,569949007465844736
3135,train,568648917551697920
4567,train,570011378091753472
2947,train,568819025733652481
10143,train,569523635171405824
7481,train,569574711899922433
177,train,569351220097216512
13750,train,569727383797829632
6595,train,567764953289875456
1333,train,569816326744776705
10649,train,569015346624991232
11829,train,567734357839056896
4778,train,569817937131016192
551,train,570284312697765888
4959,train,569604665240895488
14631,train,569588464896876545
6786,train,570277811795001344
13233,train,569910528279228416
11093,train,568512284202438656
3462,train,568422817601097728
1047,train,569953411988369408
11183,train,568451138221166592
1437,train,569720565319102464
12197,train,570264740817010689
11501,train,568064972086906880
2942,train,568821307766222848
11301,train,568226977070632960
13505,train,569846302663688192
2570,train,569036254253346818
5242,train,569236557367939072
4853,train,569682325778231297
2769,train,568910220644237312
4799,train,569720247948861440
3452,train,568432782386466816
8792,train,567845382102859777
3096,train,568678201590996992
10631,train,569103591966793728
3157,train,568627619991650305
7903,train,569005006902468608
8933,train,567734644515536896
12296,train,570240524592017408
12708,train,570052545298759680
4588,train,569995235608137728
5010,train,569548841361412096
2019,train,569471635163643905
11199,train,568440431454736384
9565,train,569873190190600192
9532,train,569889475658178560
33,train,570084582780899328
5103,train,569343579899822081
9462,train,569923163259318274
6196,train,568139007617597440
7960,train,568927427847544833
9944,train,569604286369431552
10763,train,568898634923843586
7583,train,569525875860905984
7328,train,569668536966053888
5369,train,569164064636727298
4911,train,569658322732756992
11663,train,567842366473834498
10629,train,569108027644645376
5009,train,569549686857736193
13916,train,569691389958553600
14213,train,569652510950100992
6548,train,567783978955993088
11456,train,568104744025268224
11674,train,567831160978677760
360,train,568483591623208961
9376,train,569964389660540928
11871,train,567719005713334276
3625,train,568228124263124992
7170,train,569923518051323906
2912,train,568832931382366209
352,train,568517447847780353
13546,train,569836433931808768
813,train,570068435805310976
13288,train,569895516139421696
10087,train,569540826231152640
3752,train,568152968257613824
1692,train,569623171210436608
13147,train,569929677214609408
3102,train,568676407729131520
1839,train,569561425955332097
8341,train,568470507433168896
111,train,569873665640292353
8145,train,568712938019639296
13870,train,569698811708370944
1136,train,569916555154169856
2855,train,568862907850743808
7856,train,569175278255284224
2148,train,569338724787593216
3878,train,568057346607460354
1567,train,569662934520999936
1892,train,569531969110974464
6952,train,569994012670734336
13368,train,569880482109739009
7057,train,569946477356818432
1691,train,569623343424413697
9699,train,569709870729068544
11420,train,568128904260685824
5257,train,569228788481069057
735,train,570109851709218816
8740,train,567880900358311936
5347,train,569175432702107648
2963,train,568814123540221952
10356,train,569354882370572289
11639,train,567858957546561536
11083,train,568524186185961473
5641,train,568842944024875008
12110,train,570287638084763648
5061,train,569453233044885504
13796,train,569715539821654017
2030,train,569459543236874240
8283,train,568533099908182016
12048,train,570306867878072320
10195,train,569494421345046528
9698,train,569709901737406464
12025,train,570139793608175616
9805,train,569658168097292288
1625,train,569641607584206850
9721,train,569698150757244928
11628,train,567862814578061312
8326,train,568487040234459138
3333,train,568519880711872512
6523,train,567802752677457920
2583,train,569023489492955136
503,train,567726092518031360
6586,train,567768484612816896
13270,train,569899646509666304
13166,train,569923360982900737
4369,train,570284725740285952
12124,train,570281958556610560
11549,train,568022599843893248
13567,train,569828681297870848
1104,train,569926124488118272
2410,train,569221589822083072
6267,train,568086667258679296
5294,train,569209306874122241
11251,train,568298773941755904
10898,train,568792664931508225
2290,train,569275000232013825
6301,train,568072958821990400
1376,train,569750540302680064
3,train,570301031407624196
8178,train,568633534627381248
7250,train,569747874952683520
9237,train,570043114058076160
2832,train,568880036234682370
5346,train,569175548632698881
473,train,567807278964023296
9383,train,569960704717008896
7298,train,569682277111889920
482,train,567786199415136256
11024,train,568606238428270594
8606,train,568123089344733184
11850,train,567728481623359488
8719,train,567905220828606466
9661,train,569747046338588672
8087,train,568800846789545984
8392,train,568427870055305216
1678,train,569627490672517120
13568,train,569827699243544576
14252,train,569645815268044801
10998,train,568626974278733826
6511,train,567810419672268800
11653,train,567847966989508608
14239,train,569648102669471744
5931,train,568478666868588545
1317,train,569835312106618880
1998,train,569483390581383168
10677,train,568992118309462016
6071,train,568305064529408000
7979,train,568909776635236352
3773,train,568135523530899456
7781,train,569249554236878848
4701,train,569922657937956864
14120,train,569664265218600960
9077,train,570245576815546368
6549,train,567783802492420096
339,train,568572344056180737
120,train,569748316776325120
5143,train,569311482950897665
8797,train,567842661463240704
13776,train,569719449458094080
6898,train,570048890466111488
7420,train,569620168671756288
130,train,569642845516275712
7517,train,569549922569224192
591,train,570262424038699008
12299,train,570240246719381504
12916,train,569981473060560896
427,train,568100257931747328
2773,train,568905448897654784
9048,train,570270630660218881
666,train,570211313072238592
6291,train,568079239343439872
5992,train,568440930593697792
9260,train,570019234505474049
3916,train,567984939221852160
9775,train,569671624921915392
10077,train,569545779079094272
2224,train,569308168364425216
8997,train,570295202616889345
12077,train,570298679250305024
14080,train,569670147893383168
14390,train,569621976131772416
9772,train,569672202037170177
3395,train,568468724048646145
9471,train,569919319821434880
11697,train,567809403668430849
12441,train,570186533258416133
10598,train,569143915405651968
10752,train,568909200832618496
5008,train,569550487474712576
3549,train,568275380441726977
927,train,570008443626647552
7183,train,569908792776892416
3361,train,568495877003857920
12934,train,569976628220182529
1475,train,569705838870466561
5511,train,568929816797323265
896,train,570030715900792832
11382,train,568157856576475136
158,train,569572740723712001
8798,train,567842593440145408
11141,train,568482472880697345
12412,train,570196007243395073
1059,train,569946571577536512
11931,train,570295745921880064
7606,train,569511892215062528
3422,train,568454607040606208
11861,train,567725588937728000
10183,train,569500867159699456
3842,train,568087744078954497
3628,train,568225650760413184
6686,train,567734115899027457
6144,train,568182492055912449
675,train,570203218686423041
4963,train,569602278988120064
1177,train,569904824793362433
1612,train,569645368075554818
5859,train,568541825092304897
6604,train,567761297879646208
5881,train,568523051853197312
6577,train,567773009092812802
14207,train,569654198901608448
9423,train,569943090766721024
10105,train,569535527227150336
9457,train,569926843853185024
3919,train,567968123917242369
13782,train,569718461217308673
13810,train,569713719124602880
3667,train,568195153464143872
8474,train,568218462281183232
7944,train,568955324511563776
1002,train,569967925416886273
4991,train,569567144318365696
7093,train,569938090510454784
9730,train,569691438784647168
9717,train,569699279566016512
7379,train,569633257689518081
10022,train,569567084721655808
12316,train,570235209783717889
12199,train,570264550458695680
14376,train,569624948190261249
12520,train,570130746356211713
12893,train,569988849608364032
3593,train,568248950450311169
3477,train,568408653562294272
11507,train,568063182230724608
11623,train,567866162865971201
2040,train,569444456660750337
8723,train,567903653933101056
10213,train,569487075797565440
5592,train,568880082606911488
119,train,569770363623575552
10450,train,569289836995190784
5682,train,568810642523725824
9960,train,569600720254541824
1616,train,569644171331538945
3155,train,568628841431867392
4854,train,569681392369590272
2101,train,569367755670966272
8722,train,567903883047088128
5807,train,568582726875516929
1397,train,569741986502041602
10893,train,568795549211738113
4306,train,567717552290136065
7782,train,569248721139048448
12029,train,569680231012773888
1288,train,569851299916869633
3298,train,568542661684015105
6827,train,570225396404359168
3627,train,568226026209341441
5573,train,568888508703752194
8379,train,568433145437138944
7508,train,569558065516822528
419,train,568132204712370178
3256,train,568567048801906688
431,train,568088472772157440
7113,train,569934594268471296
9603,train,569843142830071808
12513,train,570135402306080768
1870,train,569544350364889088
9605,train,569841949185839104
7469,train,569580001672237056
5979,train,568448265441554432
8482,train,568214091229224960
12870,train,569995513623408641
132,train,569633630978310145
10883,train,568804625257791488
11035,train,568595632140775424
9984,train,569592120954236928
11865,train,567725125194493953
11548,train,568024213753364480
5754,train,568671818262773760
3760,train,568147319155073024
14091,train,569668448718073856
8862,train,567793799590854656
6509,train,567811142924656640
9369,train,569967974284713984
9749,train,569682751063924736
2502,train,569161748286083073
8573,train,568156672365092864
2381,train,569236834783342593
11030,train,568602309703249921
2978,train,568809617087696897
11621,train,567867090729861120
614,train,570249806540451843
10578,train,569166368781635584
2242,train,569300135328530432
1897,train,569530483022962688
7084,train,569938880495026176
906,train,570021376024813568
8347,train,568451040397422593
8428,train,568380749495164929
9083,train,570240576144211968
6602,train,567762099708112897
9167,train,570085132251598850
11790,train,567759268724887552
9071,train,570250989305004033
2076,train,569385496675295232
10658,train,568999879176949760
3569,train,568262481698803712
5311,train,569205327465476096
11152,train,568475305675001857
11017,train,568609430754865152
10957,train,568760866088337409
8697,train,567992830943223808
1642,train,569638013287862273
8255,train,568554411078889473
10535,train,569217929541238784
12270,train,570247180734353408
4810,train,569704587315138560
6563,train,567777978327633920
5840,train,568559216912416768
13390,train,569875024045314048
3811,train,568107551553794049
12470,train,570175988648316929
6436,train,567860325179072512
2911,train,568833209288372224
10638,train,569064161747083266
9375,train,569964627305603073
4620,train,569977129728749568
11600,train,567896040982069249
11811,train,567744963870752768
5540,train,568911349092212736
4408,train,570266640614498304
6447,train,567853059419856896
4334,train,570303797605617665
4007,train,567877584341479424
1062,train,569942888643227648
2158,train,569336252597731329
14241,train,569647618932002816
7515,train,569552552297041920
4913,train,569655614432915456
3321,train,568527517910319104
2844,train,568872120471687168
377,train,568440278853525504
2428,train,569213197485514752
7147,train,569925538946551808
5925,train,568482803266031616
3209,train,568594708177555457
12896,train,569988016074149889
7932,train,568964945259466752
7474,train,569577434657492992
128,train,569649116487290880
10222,train,569483987564961792
188,train,569305113589714944
13554,train,569832733226110976
6476,train,567827255088390144
9796,train,569662030984056834
7325,train,569669129130647552
912,train,570018445695148033
6376,train,567902921829978112
11169,train,568462805235597312
8852,train,567799665061576704
6698,train,567729904788054017
6117,train,568212796422406144
6950,train,569996141753802752
8149,train,568682740020690945
8752,train,567873006501888000
11135,train,568486436355346432
13878,train,569697188508348416
10774,train,568887349481861120
4707,train,569912094272782337
11647,train,567850746319753217
10007,train,569578016843669504
2327,train,569258454633701376
8476,train,568216703055876096
5913,train,568491484401557504
6699,train,567729416231321600
10845,train,568826070897717250
7541,train,569538135916351489
9766,train,569676387113672704
1198,train,569896025172742144
11104,train,568501293079248896
11789,train,567759344360783872
11054,train,568561877699182592
1138,train,569916152283041792
13127,train,569934205611872256
13971,train,569683872046194688
11157,train,568472920466411520
11293,train,568234162638999552
12828,train,570006737190854656
5981,train,568448077624770560
1569,train,569662132582621184
418,train,568132935037132800
14400,train,569621173811736576
8643,train,568090417641746432
12691,train,570060687164067840
7513,train,569554300495462400
7357,train,569646982282612736
640,train,570234650448125952
9046,train,570271160363057154
14093,train,569667782910058496
6286,train,568082378406682624
8349,train,568448110256640000
6589,train,567766563533897729
774,train,570085628576202752
6726,train,567719031634157568
3393,train,568468959663489025
8211,train,568602933035601921
10121,train,569529412196167682
11839,train,567730323988172800
1634,train,569639854277066752
12627,train,570083543553945600
14165,train,569659556869120000
11707,train,567803477762797570
7102,train,569937017150291968
3060,train,568757933502148608
11384,train,568155954484797442
13807,train,569714230842302464
796,train,570079041547472896
4397,train,570271730729689088
10294,train,569387005131546624
8151,train,568677157569826816
2122,train,569357497871437824
3318,train,568532050979893249
1232,train,569874311823036416
4480,train,570215548589453313
10099,train,569537485761433600
5720,train,568780060720701440
6146,train,568181877560852481
7235,train,569854312702201856
13254,train,569905298481274880
11772,train,567768224607911936
4995,train,569562867281690625
970,train,569983990683148288
10360,train,569353354545008640
3275,train,568560083103137793
11633,train,567860175740092416
9162,train,570085837821632512
4139,train,567808255566602240
6072,train,568303293635522560
9897,train,569623359304003584
4407,train,570267457841033216
11298,train,568229143860658176
3501,train,568364889280020481
10792,train,568873199250706433
11155,train,568474189818146816
8529,train,568189029478481920
3164,train,568623603496792064
541,train,570288349392605186
2701,train,568950706008231936
7653,train,569420237189181440
6900,train,570047938401071105
3832,train,568092350355865600
13679,train,569753555181006848
12863,train,569997655713173504
5184,train,569273409252827137
7288,train,569686510108344320
5288,train,569212300265017345
5615,train,568858239372103680
810,train,570071482182692865
7500,train,569563087964995584
9372,train,569967469135142914
7605,train,569512239209824256
2012,train,569475245708419072
14166,train,569659515706028033
3577,train,568258545772335104
5148,train,569308552671707136
7720,train,569308292893290496
13488,train,569850808029859840
1951,train,569505479795326977
12155,train,570275010759102466
745,train,570105020999344128
8945,train,567728357555437568
7921,train,568974681115459584
13719,train,569737258191839232
13627,train,569790297875599361
9353,train,569970659297792000
9904,train,569621698905022464
13462,train,569857415027564545
13590,train,569816739699150849
2292,train,569274618428526592
9259,train,570019459244691456
3751,train,568153151636766721
1004,train,569967848078090240
8709,train,567917894144770049
5482,train,568953095423705088
4115,train,567816155369570304
408,train,568165573869199361
8126,train,568760299978948608
10648,train,569015379021795328
650,train,570229133445242880
13969,train,569683974748033026
10061,train,569555072067051520
7264,train,569716645150781440
5552,train,568899508601430016
4996,train,569561754163769344
13187,train,569918189909487617
4273,train,567739149818413056
12340,train,570224942681206786
7334,train,569666455114903552
7451,train,569601850820976640
11826,train,567734584000135168
3932,train,567949332395249664
8191,train,568625258351063040
10718,train,568947623626846208
3512,train,568352692466278400
8536,train,568182544124014592
13323,train,569890213570457600
14615,train,569591533617307648
2863,train,568858361011154944
2696,train,568951601777512448
4351,train,570293142257311744
1335,train,569815297475149824
8197,train,568617016917168128
12606,train,570090251122663425
13935,train,569689221658775553
984,train,569976114124349440
2079,train,569381891809214464
8558,train,568166479327313920
2247,train,569298251418959872
14638,train,569587188687634433
11824,train,567734830800961537
6941,train,570001706676842497
11190,train,568447062976524288
5793,train,568591059602829314
574,train,570271791400112129
2582,train,569024126641311744
14222,train,569651320736522240
1688,train,569624909501984768
8234,train,568574059652489217
12557,train,570105753471746048
13959,train,569686145275072512
1577,train,569659878693695488
4150,train,567804646157475840
7951,train,568937402837786625
9250,train,570023318251642883
3905,train,568020431036420096
6741,train,567676626855419904
5693,train,568802105005346817
9033,train,570276439829774336
1401,train,569740959610572800
5987,train,568444321113862145
12548,train,570115339515592704
14364,train,569627123150778368
8023,train,568861309384728577
6411,train,567875308377911297
4599,train,569989039874404352
7667,train,569369662955261953
7293,train,569685096527056896
4547,train,570040162840907776
12153,train,570275314036649984
1210,train,569885487508418560
9860,train,569635391965405184
67,train,569973821396152323
8065,train,568819697438871553
10963,train,568751082547089408
1429,train,569723892358467584
194,train,569290361870426112
875,train,570041988986347521
5928,train,568480653819453440
2293,train,569274001173979137
5429,train,569078309033803776
1775,train,569591456190504961
14,train,570285904809598977
4693,train,569927739802652672
13350,train,569884285659848704
582,train,570269172774649856
1647,train,569636013443719169
5706,train,568788357431447552
11146,train,568481515899908096
570,train,570272511050383360
2208,train,569316018230677504
11945,train,570288809532891137
6864,train,570084883332239360
8581,train,568149912665198592
670,train,570208036314222592
7406,train,569623368711991296
5745,train,568759914514014208
11956,train,570284054605639683
3302,train,568540843323338752
11091,train,568514794287796224
2515,train,569144929093615616
5884,train,568519214211813377
6973,train,569977008077148161
4774,train,569840840861839360
3317,train,568532825281937408
14155,train,569660442408321024
3692,train,568184886051389440
8819,train,567818543569317888
11515,train,568057241435303936
10050,train,569557167411478528
4941,train,569624788244828160
13158,train,569925680168726529
9764,train,569677776384598017
10987,train,568635173216133120
10596,train,569145957721505792
11802,train,567753071833665536
2426,train,569213503954915329
3091,train,568696518665998336
7013,train,569956617988345856
12947,train,569974705811107840
9881,train,569627346166284288
9343,train,569972804822704128
1707,train,569619208884977664
1381,train,569748687812845568
5410,train,569132310110588928
1101,train,569927837601402880
13371,train,569880215079428096
8071,train,568811069575204864
11452,train,568106054283882496
312,train,568792520337039360
5205,train,569259515398504449
5915,train,568491142410571778
2407,train,569224849144418304
14007,train,569678349846450177
11914,train,570298770136674304
4377,train,570281275216367616
6582,train,567770621451702273
9957,train,569600990430806017
733,train,570114536448995328
14289,train,569641693726842880
13837,train,569704220472913920
5668,train,568825797613645824
13577,train,569822102062309376
6774,train,570287704728084480
13634,train,569787232292245504
5414,train,569126026938335232
13273,train,569898392647811072
1764,train,569596665864130562
4319,train,567623209026334720
4411,train,570265804748550144
8078,train,568807083270762497
5456,train,568981498046623744
2172,train,569330115114627073
3147,train,568639242483556352
14480,train,569609163824713729
2631,train,568983569563033600
2104,train,569366889719304192
14391,train,569621883282280448
13699,train,569742876793372672
4390,train,570274362936266752
7658,train,569387453418762241
9544,train,569883672679215104
2729,train,568931356287365120
6120,train,568210342880227328
588,train,570264556443824128
10956,train,568760999194591232
12435,train,570188115077259266
10345,train,569360352594546688
110,train,569873668131717120
12138,train,570279036582109184
556,train,570282087065919488
589,train,570264153559949313
5170,train,569285184605986816
8007,train,568882606634369024
1030,train,569958946636562433
12347,train,570223576038686720
10301,train,569381443257958401
11284,train,568244094583107585
4021,train,567869544049414145
4809,train,569706320212787200
3189,train,568607402645454848
8758,train,567871911960645632
3246,train,568573387817291776
3331,train,568522028627533824
378,train,568437415603507200
8527,train,568190857263915008
7428,train,569616883734974464
2220,train,569309296023998464
5709,train,568787046778720256
11256,train,568274949275824128
7567,train,569528694613671936
11739,train,567786151370629121
438,train,568061922265804802
8808,train,567830303121870848
1557,train,569665976062644224
723,train,570121588487663616
3466,train,568418165853540352
11937,train,570291431195205633
11887,train,570306867878072320
1747,train,569605942318231553
3266,train,568563462995099649
457,train,567849520781893632
12768,train,570032541933051904
662,train,570215359963406337
3708,train,568177609281896449
10825,train,568845145510158336
7596,train,569519571314589696
3770,train,568140506116571136
5731,train,568772817598050304
7230,train,569863166189924352
7533,train,569541336224927744
8682,train,568028497001590784
12314,train,570236587386122240
1856,train,569552374882299904
13892,train,569693838329180160
1686,train,569625419097313282
11421,train,568128753223794688
7485,train,569572707299299328
3739,train,568159364550406144
5258,train,569228110937202688
7857,train,569174723877146625
14342,train,569631375487139841
11361,train,568171144504872961
8276,train,568539689176530944
3472,train,568412555045179393
11580,train,567910107163541504
1837,train,569562147279253504
12655,train,570072578540347393
9015,train,570286035118071808
891,train,570033309113131008
6062,train,568385277514919937
12854,train,570000101654925312
12084,train,570297414848000000
7545,train,569536910990950401
5396,train,569148114193530881
14357,train,569628323443318785
11962,train,570282469791911936
8021,train,568862134966345729
8806,train,567831434838159360
13751,train,569727223990775808
11640,train,567857402340450305
11401,train,568139693574848513
3300,train,568541325735415808
9644,train,569758956941234176
9016,train,570285320085880832
5586,train,568882359409340416
3056,train,568761425029668864
2145,train,569339467615506435
2845,train,568871357007704064
185,train,569311498301870080
7001,train,569959737246109696
5251,train,569232738655412225
12661,train,570070364723814402
4398,train,570271704972464129
3226,train,568583773794799616
14162,train,569659620517662721
10706,train,568959916498509824
10534,train,569219405852377090
8615,train,568108968867819520
8001,train,568889828588331009
4759,train,569866847690100736
4068,train,567841308452249600
7363,train,569644675352662016
1085,train,569933357515026432
4027,train,567864939349557248
14275,train,569643184067727361
4566,train,570012094570958850
10921,train,568782673587658752
586,train,570265596220166144
154,train,569575003248676864
10402,train,569329707084353536
292,train,568840724700995584
14524,train,569604328153083904
6316,train,568057812322021376
4127,train,567812349895245824
4711,train,569909718765842432
4465,train,570228904469725184
4430,train,570260387746029568
13039,train,569953628687101954
6183,train,568149287948967936
2179,train,569327949553520640
10807,train,568861255731154944
5738,train,568763877992706048
7964,train,568924327275401218
13552,train,569834060043780096
12999,train,569963767066271744
3304,train,568538872637816832
12758,train,570034112863608832
2873,train,568854082536001536
4804,train,569713993532600321
6475,train,567828625388609536
5070,train,569373258010660864
14288,train,569641785347059712
9501,train,569903725449322496
13502,train,569846882291159040
2984,train,568807747661266945
8431,train,568365652597014528
8497,train,568206455251144704
12343,train,570224417445261313
12980,train,569969455171813376
203,train,569260526976544768
2211,train,569314329276715010
8273,train,568541219711819776
3555,train,568272244792631296
14483,train,569608446586200064
5233,train,569243229138202624
1752,train,569603669114511360
5428,train,569084344930676736
11309,train,568220625648672768
11960,train,570283254743506944
5282,train,569217012980805632
8734,train,567892508987908096
12640,train,570079290953486338
6873,train,570073705507725313
13876,train,569697735177170945
9620,train,569815061440679937
13065,train,569948646717812736
9138,train,570156989541687296
12338,train,570225098189348864
3872,train,568062811856703489
2897,train,568841631585021952
3711,train,568176925845237760
7585,train,569525641759993856
5404,train,569143132756914176
8949,train,567727490567639041
2024,train,569469326547222528
3307,train,568536972072865792
14484,train,569608307184242688
7663,train,569381811278770176
6283,train,568082817562898432
5020,train,569527176350969856
6026,train,568430198254747649
4081,train,567830916950822912
9298,train,569996446348517376
11730,train,567791019086065664
7514,train,569552658010210305
9103,train,570222748615598081
12294,train,570240647678050304
7790,train,569243017552375809
2653,train,568968312274718721
1012,train,569966563245367297
37,train,570045393565691904
11671,train,567832821013848064
13143,train,569930733512491008
5434,train,569030858759213056
11034,train,568598334643916800
14486,train,569608265623064576
6324,train,568055724078706689
7669,train,569366479008862208
10030,train,569563297164480513
11715,train,567802255215460353
4039,train,567855926486667265
2202,train,569318432648273920
5733,train,568772334632349696
9997,train,569584719089836032
4409,train,570266265971003394
1654,train,569634748177514496
2229,train,569306302964506624
2337,train,569256055781240832
9004,train,570289532953874432
13514,train,569844044693577728
12539,train,570121673099190272
5322,train,569197910895812608
7912,train,568991695917834240
12172,train,570270435478122497
11731,train,567790793197629440
4573,train,570008817414639616
13504,train,569846356409339906
14564,train,569598671420919808
421,train,568120102660341760
3397,train,568468054306193408
3587,train,568250159689113600
3650,train,568206350804770816
12742,train,570040802845421568
1754,train,569602975829757952
10308,train,569377633894445056
12190,train,570266233003741184
3920,train,567967937446834177
12147,train,570275944012783616
2171,train,569330646901895169
9458,train,569926412234326016
4143,train,567805894885638144
12295,train,570240625536323585
9915,train,569618750946873344
1015,train,569964915710038016
6648,train,567745845781864449
2433,train,569209958627016706
10683,train,568981931599237120
2472,train,569184788784918528
3263,train,568564485457252352
2801,train,568894073345437697
7022,train,569952605721337856
5671,train,568823050571026432
13066,train,569948645853786113
13139,train,569931677868273664
3374,train,568485707993497603
11972,train,570280225625362432
8462,train,568240048384151554
13622,train,569794658479394817
242,train,569192778468626432
3688,train,568186047659507712
7938,train,568961064651460608
13095,train,569940935875948544
1903,train,569527524323151873
954,train,569989661713666049
14341,train,569631377865515008
8408,train,568416873211015168
2421,train,569215779830280192
5426,train,569086048388538368
7867,train,569150828952444928
13812,train,569713244320837633
11368,train,568166268546748416
3862,train,568068509613178880
4771,train,569845106888585216
12274,train,570246108699627521
7354,train,569648229295329280
11574,train,567921295473512448
8041,train,568843160224452608
10969,train,568724832898162688
5974,train,568451244009742336
14313,train,569636447956930561
5950,train,568464940367007744
5853,train,568546414604750848
9340,train,569975515974656000
8043,train,568841355226517504
7600,train,569514688809181184
6718,train,567722330340986880
10854,train,568823897967034368
2529,train,569125947200413696
4860,train,569676204728389632
10290,train,569388156031799297
14001,train,569678905344270336
7191,train,569900367254831104
8226,train,568588797182648320
6197,train,568137557935960066
9274,train,570012549631975424
7947,train,568944928266412032
5762,train,568630779720417280
14406,train,569620494724366336
2431,train,569211645710495745
14187,train,569657264262533120
13654,train,569769633995104256
190,train,569304208534597632
10433,train,569312129456545792
10755,train,568904804451409920
11783,train,567761193138671616
1277,train,569856654394720256
939,train,570000287080951808
2365,train,569243889011281920
13845,train,569703263467126784
12772,train,570031138913329152
7954,train,568931762518110208
5973,train,568451916319096832
9307,train,569991295776595968
7930,train,568967902520590337
13097,train,569940832691752960
7989,train,568899893206450176
1614,train,569645048696053761
5291,train,569210501059604480
2733,train,568928251554299906
6719,train,567722294680641538
8419,train,568394474243665920
14595,train,569593694963310593
8803,train,567836310775324672
7034,train,569949217843605504
6457,train,567838174816395264
1463,train,569709992175116288
10517,train,569236665950203904
7370,train,569638521817968641
6709,train,567724948375212032
161,train,569564610837086209
3848,train,568084167390564353
13662,train,569766140332937216
10142,train,569524026294571008
7835,train,569211529880576001
1610,train,569646005315973120
4488,train,570210411926016001
13005,train,569962494283919360
6268,train,568086184888561664
10477,train,569263732280451072
8966,train,570310600460525568
13695,train,569745303794024448
14128,train,569663735217971200
14301,train,569639923080404994
2719,train,568935475815292928
7659,train,569386956435488768
6139,train,568188595456118785
3697,train,568183502161743873
443,train,568050777744379904
14333,train,569631847547867136
8099,train,568796018348724226
11011,train,568617305757728768
7731,train,569300522705883136
8039,train,568845545986400256
11958,train,570283544125288448
9996,train,569584885108748290
3642,train,568213785426726912
8725,train,567899906150703104
5495,train,568946686896132096
9318,train,569986344484794369
143,train,569614365755899905
3952,train,567921825948250112
14395,train,569621583737835520
8872,train,567781607797305345
7553,train,569533479362408448
11454,train,568105051622756352
7447,train,569603002278944768
11134,train,568487367536996354
2115,train,569363221791928320
12752,train,570036538488139776
7959,train,568928817651167232
10938,train,568775146703589376
1961,train,569503649677750272
300,train,568828112626012160
8490,train,568209150410248192
280,train,568882014415249408
11859,train,567726186038837248
792,train,570079676204347394
1749,train,569604805116563457
4443,train,570252528245456897
5340,train,569180531742486528
9005,train,570289473898082305
14160,train,569659956384788480
6002,train,568438312177762304
13661,train,569766247715319808
8091,train,568798862086836225
7094,train,569937905872822272
6472,train,567829997668470785
10492,train,569252439548952576
334,train,568595620002279424
5774,train,568614676612964352
10016,train,569572095794917376
4379,train,570280641503211520
8661,train,568066161922977792
8817,train,567821839784939520
5522,train,568926306496172032
4536,train,570053736950685696
3136,train,568648390738706432
5400,train,569143946930196483
2234,train,569302599591022592
12094,train,570295174385016832
10155,train,569518608797323265
9022,train,570280653389996034
7574,train,569527586960711681
6854,train,570174713072369664
12115,train,570284482588246016
10750,train,568910988361244672
8483,train,568213769098108928
5948,train,568466550337875969
12535,train,570122962726039552
2073,train,569385898573299712
10139,train,569525116725567491
14611,train,569591730506371072
1196,train,569898994408693760
9123,train,570203789963218944
6358,train,567983341405745152
3636,train,568217301243133952
5557,train,568894680881963008
7018,train,569953507874373632
13235,train,569910053249142785
14607,train,569592270866878464
4092,train,567826054522617858
7224,train,569873065464573952
6987,train,569963064495366145
4874,train,569671200978436096
2896,train,568842357069770752
2349,train,569249783216537601
11331,train,568208027775569920
10815,train,568853290513010688
3885,train,568049646062444544
2664,train,568964974611193858
9829,train,569649297731399682
13264,train,569901979151024129
9676,train,569724225466073088
9886,train,569626683139104768
14193,train,569656281885077505
11041,train,568588273137754112
2626,train,568986491608834048
2085,train,569379367077355520
9858,train,569637822929317890
9096,train,570226365410230272
6717,train,567722664597286913
6764,train,570291934306168834
12461,train,570178966725767168
12348,train,570222998919225344
13991,train,569680659288969218
5608,train,568868703762296832
1572,train,569661767158075392
9404,train,569948356933332992
2307,train,569264736455536641
1182,train,569903366647586818
1121,train,569920760522764288
5264,train,569225563417620480
10025,train,569566323912671232
13591,train,569815545077501952
3319,train,568530234368069632
9365,train,569969045946175490
6742,train,567663504102940672
3630,train,568224469480833024
2842,train,568873031428415489
126,train,569666477265018881
5097,train,569347252550017026
4841,train,569685746723848193
13056,train,569950724983025665
8416,train,568400096586395649
11832,train,567732946241470464
6769,train,570291066466897921
11559,train,568004984937287680
6136,train,568190250377461760
6899,train,570048804550004737
11714,train,567802378041450496
3670,train,568193817943257088
1023,train,569961410161192960
2800,train,568894256070287360
11572,train,567923361256460288
7871,train,569143699017371649
7633,train,569490072975876097
8144,train,568724024362037248
13259,train,569903191279710208
10786,train,568877353478299648
3473,train,568412546673352705
6111,train,568220313370013696
3349,train,568506752607498241
13318,train,569890741666717697
9126,train,570197883716300800
9869,train,569632379326869504
4764,train,569862767236255744
11569,train,567928302725263360
14608,train,569592177312923650
5930,train,568478881063276545
12174,train,570269774594224128
9748,train,569682877300023296
11798,train,567754392682901504
6237,train,568105106647838720
1921,train,569518979103924224
14205,train,569654332246904832
6868,train,570079918782095360
8161,train,568648777315147777
12478,train,570173690475728896
5447,train,569001941533003776
198,train,569263837448269826
5598,train,568878244331696128
3130,train,568650439639437313
14280,train,569642306640306176
4270,train,567741692854276096
4279,train,567735710392659968
11785,train,567760870630244352
1605,train,569647347547955200
4053,train,567848852943953920
10263,train,569432100652384256
1352,train,569782352223666176
5499,train,568945176401457153
14575,train,569596793941401601
4168,train,567797429517692928
6832,train,570217760430493698
13028,train,569957170369814528
5976,train,568448902011224064
7429,train,569616576481267712
14043,train,569674298924900352
1717,train,569617494908002304
11065,train,568544199072735232
10940,train,568774385965932545
6217,train,568116430966648833
12967,train,569972422130032640
2828,train,568881812174299137
6847,train,570195373018505216
7444,train,569603529888788480
215,train,569236471690829825
2028,train,569460417954746368
10150,train,569521573268480002
10664,train,568996855566245889
13241,train,569908722778157056
9508,train,569899203339657217
3282,train,568556636068921344
1704,train,569619557360381952
854,train,570050891929280512
5360,train,569168016136495104
12524,train,570128126480674816
10880,train,568806740227166208
8715,train,567907212154118145
5276,train,569221317486116864
50,train,570009035455344640
1663,train,569631350304731136
13605,train,569803188901031936
13722,train,569735461033213952
440,train,568058610296565760
4198,train,567782895306412032
14105,train,569666042672369665
9379,train,569961481455976449
1270,train,569859213331189760
6559,train,567779798782595072
6034,train,568427056221933568
11678,train,567822717665198080
11349,train,568178085415092226
3907,train,568011684067078144
2001,train,569481213016023040
12679,train,570064443159089153
9398,train,569950785859145728
1332,train,569816394180788224
1786,train,569586373042278400
1310,train,569838973490765824
4539,train,570051666386374657
10651,train,569009996668624896
8244,train,568560914779078656
151,train,569586660909973504
2550,train,569089890173874176
8433,train,568290152151269377
9811,train,569655302871580673
4155,train,567802662026014720
7540,train,569538840735703040
9894,train,569623606684209154
1325,train,569826992251473921
14444,train,569615514928074752
3402,train,568465710629826560
6819,train,570232676491202561
5029,train,569516377524076544
8343,train,568464487931613185
10731,train,568930740127326209
5748,train,568753398100692992
1559,train,569665343880368131
3805,train,568109963509415936
1804,train,569578441508458496
8920,train,567747668512735232
3237,train,568575427742011392
10831,train,568839036007260162
12173,train,570270039737274369
2884,train,568848699960332288
3869,train,568064842466250752
2033,train,569454641320062976
6752,train,570304873620746240
6348,train,568039503065174016
14630,train,569588473050611712
2157,train,569336402401472512
1147,train,569915029950222337
1520,train,569684654380486656
13017,train,569959601011068928
1583,train,569656322154565632
14322,train,569634077571051521
2552,train,569088496117415937
12987,train,569967441591144450
13319,train,569890715867750400
7680,train,569348995136376833
2979,train,568809558786899968
13493,train,569849818694037504
9965,train,569599260288819201
12444,train,570184535507210241
233,train,569202691185909760
13655,train,569769606761439232
6076,train,568284515728302080
13530,train,569839807787958273
8403,train,568423278555086848
13986,train,569681774307123200
10653,train,569007890029129728
12751,train,570037613899481088
13592,train,569815422675124225
7238,train,569847852605812737
8795,train,567843811990376449
10401,train,569330030074990592
10257,train,569438126806052864
13510,train,569844812783996928
2784,train,568901675903119360
3204,train,568597262378655744
5273,train,569222729125253121
1323,train,569830265364701184
3572,train,568260084230455296
1674,train,569629019412557826
11917,train,570298644475346945
12353,train,570221955976187904
6306,train,568067878546755584
13340,train,569885742526124032
766,train,570091033368899584
152,train,569580805036453888
14295,train,569641259826061312
13042,train,569952984257294336
11986,train,570275944012783616
7061,train,569945380198203392
9106,train,570219953741279232
12988,train,569967045544005632
1571,train,569661926067736576
7722,train,569307917712805889
3197,train,568603081274986496
1924,train,569517360828145664
1948,train,569507197052260354
11561,train,568003851145461760
13966,train,569684565838553088
5240,train,569238014418944000
9854,train,569638835539349504
9142,train,570133607223840768
2628,train,568985010742693888
11318,train,568215917894737920
527,train,570294743684517888
3299,train,568541544506114048
12946,train,569974766393823233
4087,train,567827498660159489
1705,train,569619545893306369
8784,train,567848716738011136
10123,train,569528550589464576
217,train,569230983075115010
7452,train,569599590355173376
10979,train,568643981258723328
411,train,568148652352544769
13196,train,569916606064828416
788,train,570081213404180480
1888,train,569533799815630848
11767,train,567769337256484864
10208,train,569489006955769856
6852,train,570184343857045504
4870,train,569672055471210496
5451,train,568998369353297921
7281,train,569696663742365696
7846,train,569190678758080512
3326,train,568526349565972480
7377,train,569633484333051904
4602,train,569987277734207488
14271,train,569643354557796353
8115,train,568775130505207809
13332,train,569887996071297024
12617,train,570086501222096896
9252,train,570021943899877377
11327,train,568210743390117888
11255,train,568276831134191618
10397,train,569332237138841600
7073,train,569939966584852480
2689,train,568954266628575232
6692,train,567732427691683840
11665,train,567840815331991552
10171,train,569507677501595649
6000,train,568439171028791297
1694,train,569621598849748993
9836,train,569647082870415361
4665,train,569951879825907713
14279,train,569642742852268032
200,train,569262225900359680
9147,train,570114273021534209
899,train,570024703256956929
8084,train,568804416662454272
13498,train,569847331064934401
13122,train,569934460617039872
12806,train,570015279654293505
6178,train,568155246616121344
4578,train,570000618707746816
7396,train,569627624617611264
1106,train,569925612069998593
12033,train,569600137296633856
5536,train,568913412505251840
3703,train,568179117851578369
5585,train,568883124517494784
5000,train,569555719885885441
13330,train,569888954863890433
2854,train,568862914154770432
5601,train,568875674552807425
13765,train,569720605383241728
7292,train,569685194908819457
9554,train,569880100218544128
3522,train,568309328127655936
9182,train,570081206412431360
7389,train,569628752231018496
9124,train,570203037823836160
7066,train,569941529902641153
9206,train,570067865946234883
11078,train,568527941723774976
9755,train,569682149277900800
10849,train,568825140898873344
7470,train,569579153604743171
3468,train,568417151176060929
14442,train,569615855505387520
12024,train,570264948548313088
11055,train,568560130117251072
97,train,569907336485019648
13638,train,569786215693742080
9812,train,569654471342600193
6429,train,567863933018640384
960,train,569988839919394816
4254,train,567748565095968769
9062,train,570258435448688641
11893,train,570306250442985473
4736,train,569890211301191680
4186,train,567790177063608320
7346,train,569657725304610816
2576,train,569032643548811264
2662,train,568965585620459520
6998,train,569960497312768000
10455,train,569287724471066625
550,train,570284934771974144
2117,train,569363173817643009
4445,train,570250945281589248
7197,train,569893737385472000
14344,train,569631041603788800
7312,train,569672477967835136
27,train,570217831557677057
3562,train,568266890499346432
10762,train,568899726273323008
2490,train,569169887689641984
4264,train,567744571124482048
12228,train,570258040609337344
0,train,570306133677760513
777,train,570085056401838081
9513,train,569896616322334720
11443,train,568112076549451776
611,train,570251472203587584
12358,train,570220154363232256
13474,train,569854151531859968
4694,train,569925645204987904
13883,train,569696080121569280
7931,train,568965774649520128
11599,train,567896872892899330
76,train,569940834994401280
9470,train,569920436466794496
3327,train,568526136017342464
7432,train,569614500044918784
2706,train,568948323916255233
8073,train,568809510644527104
12330,train,570227917877354497
2579,train,569026124484706304
715,train,570143097809707008
14293,train,569641343439360000
8064,train,568821070767255552
10228,train,569479822226952192
7946,train,568944962311626752
3896,train,568037433503145984
10191,train,569496017210462208
10931,train,568777504368005120
1700,train,569620382023622657
1117,train,569922214255919105
6354,train,568024504057913344
12521,train,570129843594997760
643,train,570232533272567813
3019,train,568795875612463104
14106,train,569665983113080832
7268,train,569707583646375936
4836,train,569688256247427072
6610,train,567758296417718272
1554,train,569666428388958209
9217,train,570057520162721792
13766,train,569720491830878208
5702,train,568795746721513472
530,train,570293957739081728
10968,train,568725291247525888
11338,train,568194475077570560
6842,train,570199572435185664
10151,train,569519918833643521
5752,train,568697648028487680
4328,train,570307615189835777
5297,train,569208488217485312
13858,train,569700635152494592
11260,train,568265016253628416
3797,train,568116146899169280
6105,train,568223025805422592
8854,train,567798973008994304
9336,train,569978187465166848
5799,train,568587490971533312
236,train,569200606595952640
8312,train,568495595440234496
5606,train,568870144891600896
7883,train,569113910776881152
931,train,570004470370676737
6325,train,568055480226066434
3116,train,568657247896788992
2539,train,569115097198690305
1800,train,569579962786689024
10394,train,569335998083174400
12267,train,570247850858147840
3803,train,568111503812870144
12453,train,570181077861474304
10419,train,569321800359927808
9558,train,569878754551599104
10320,train,569372422509453313
10168,train,569509520034156544
10089,train,569540659209596928
3591,train,568249367590768640
2106,train,569366184904122369
707,train,570163259560452097
12591,train,570095443364831232
4755,train,569872444590129152
8057,train,568827568973066240
11526,train,568046797475553280
3890,train,568046603916996609
13455,train,569858655086120961
6777,train,570287210219606016
5458,train,568976322032087041
646,train,570230059170004994
2788,train,568899587424931840
5595,train,568879046215520256
2906,train,568835134603931649
9597,train,569848398129565696
11252,train,568289529561518080
8793,train,567845089508233217
10484,train,569259449115942913
7739,train,569294014026903552
7664,train,569380376709238784
14021,train,569676450552537088
5850,train,568548764484542464
14087,train,569668652045369344
11069,train,568541043106435072
281,train,568874645564362752
2416,train,569217440250331136
6650,train,567744842935980032
12955,train,569973945270546432
4035,train,567861975419457537
460,train,567845726220357632
13333,train,569887773953527808
8252,train,568556148368019456
13786,train,569717866611630081
12121,train,570283254743506944
14096,train,569667378457391106
7015,train,569954556001566721
6381,train,567898236809277440
11615,train,567875552377450497
7484,train,569573528149716992
7430,train,569615753885970432
1407,train,569734991862607872
9800,train,569659952681361408
176,train,569354267854704641
12575,train,570100824703143936
3589,train,568250000028925952
10383,train,569339928678522880
990,train,569972073201688576
9225,train,570051488875020288
9507,train,569899709734752256
7708,train,569329921740427264
10307,train,569378015429447680
11672,train,567832250110337024
11668,train,567834881939546113
4241,train,567760060080599040
2691,train,568954046700064768
7316,train,569671981852798976
3818,train,568101444391276544
13084,train,569943022474956802
3634,train,568217863611404288
3500,train,568366109461606400
6725,train,567719199850496000
3054,train,568767621186912256
10795,train,568870279906234368
657,train,570222630525014017
2937,train,568825463918833664
972,train,569983375584272384
14224,train,569651129136459776
1949,train,569507060209090561
12924,train,569978315072610304
7884,train,569113328724807680
3140,train,568645576008400896
4605,train,569984437720453121
13803,train,569714842405249024
9226,train,570050881879568384
4415,train,570265133638942720
4299,train,567727599627943936
1483,train,569703328940032000
3517,train,568342540837105664
7744,train,569280114296401920
10527,train,569223653952323584
1787,train,569586179185754113
8471,train,568220131819720705
4973,train,569589454194790400
3812,train,568107363195973633
6350,train,568037591687270400
4419,train,570264474784894976
2525,train,569134266052816897
1958,train,569504172011356160
191,train,569304030847090688
1513,train,569689096882425857
3664,train,568199122903293952
7030,train,569950348908982273
2927,train,568828240502128640
11113,train,568496811662581760
11071,train,568538553862340608
13352,train,569883848470859776
13524,train,569842067544805376
7677,train,569353033915584513
140,train,569618527948115968
11797,train,567754593434873857
4082,train,567829834618904576
9087,train,570236313393373186
3389,train,568471651114811393
5418,train,569111291454840833
8809,train,567829349727211521
1329,train,569824565091823616
1922,train,569518596231008258
11344,train,568187959276646401
7437,train,569606966772940801
3290,train,568552347812524032
804,train,570074583379939328
12653,train,570074601801318400
10928,train,568779311261622272
10693,train,568969667106045952
12016,train,570268875872473088
1353,train,569781926162145281
104,train,569887310713479168
10004,train,569580275182772225
5831,train,568565615327227904
65,train,569982307634794497
3683,train,568188203397574656
10440,train,569304295444774912
12551,train,570112074249928704
11084,train,568523003778084864
8121,train,568766295761682432
13117,train,569936893166489600
213,train,569238877178716161
6019,train,568434004732416001
6939,train,570002509906837504
4263,train,567744887664439298
9914,train,569618838767181825
13759,train,569721575492194304
1495,train,569698504467021824
9330,train,569982742198251520
11207,train,568432364717633536
7613,train,569506389397282816
13664,train,569764275700375552
1199,train,569895406869483520
4475,train,570220817470115840
6427,train,567865403101298688
14514,train,569604904689340416
1222,train,569878388464177152
10819,train,568849460450725890
9874,train,569629631814508544
4200,train,567781813326589952
10045,train,569558156512088064
8940,train,567731944151322626
511,train,570304912468402177
9420,train,569943434536091649
8522,train,568193698284118016
5672,train,568821349688471552
5735,train,568768837744611328
6275,train,568085571509334016
3852,train,568080133195755520
6771,train,570289518194126849
3463,train,568422622922469376
1452,train,569714541178679296
14045,train,569674237079744512
12883,train,569992602025644034
14621,train,569590892085915649
8882,train,567773326631821312
4910,train,569660698231308290
5048,train,569494878968811520
13874,train,569698145703043072
1014,train,569965494519734272
10427,train,569314734752854017
12020,train,570267902726803456
12761,train,570033624306708481
3036,train,568786206932250624
5384,train,569154129362186240
6815,train,570237343669608448
10119,train,569529813121290240
3424,train,568450710553174016
12112,train,570286841737318400
7329,train,569668144198848514
2325,train,569259056956727296
5545,train,568906461461393408
4485,train,570211592559685632
5274,train,569221828025167872
2888,train,568847199460835328
4734,train,569891267666006016
12564,train,570101910402940928
3006,train,568801885567606784
1685,train,569625953602834433
8157,train,568660340910592000
12993,train,569965873752104960
7200,train,569890600474021889
48,train,570010539499393025
14236,train,569649152696516608
3957,train,567919391515348992
4631,train,569974710915571712
252,train,569020707113476096
5479,train,568955169183903745
1403,train,569739044004823040
901,train,570023232851419136
13178,train,569919996568215552
9149,train,570110280635588608
1977,train,569496936157487104
6727,train,567718653735731200
12864,train,569997258772455424
13996,train,569679759250038784
5876,train,568526769373859841
575,train,570271644473622528
2732,train,568929299350179840
4362,train,570287651137445888
8871,train,567781694183186432
1641,train,569638419384528897
10367,train,569347552484728832
3040,train,568782405965713408
9466,train,569921757647212544
3895,train,568037880859222016
6056,train,568391392528969730
6361,train,567969280752521216
12404,train,570199974719455232
3655,train,568204182676578304
4114,train,567816475898310656
7684,train,569346428839063552
11527,train,568045111189372928
4950,train,569613284455948289
11214,train,568417913914441728
12431,train,570189934096719873
8673,train,568042975856619520
3870,train,568064545568092160
8498,train,568205359208230912
11844,train,567729325810917377
607,train,570252965392592896
7400,train,569626613664653312
6657,train,567741157070086144
11389,train,568152863962238976
7952,train,568932998051016704
612,train,570250053710819328
12241,train,570254375081414656
6567,train,567775685796589568
12325,train,570231192102019072
1328,train,569824790200111104
13509,train,569845041440677888
11437,train,568115611814858752
9463,train,569922365322338304
5348,train,569174663089287169
8667,train,568051199565533184
9368,train,569968609440563201
3877,train,568058934428372992
4873,train,569671454419079169
11581,train,567909745211879424
13536,train,569838589879685120
8473,train,568218559278661632
13420,train,569867607341436928
8781,train,567851942627577856
4720,train,569901925358968832
9589,train,569860355746213893
12877,train,569993218730934273
5838,train,568560904469684224
1620,train,569642063005753344
2499,train,569163885393154048
10396,train,569332399471001600
3615,train,568232723170484224
13692,train,569745686784315392
11965,train,570281731510571009
14198,train,569655141890170880
7459,train,569586611085815808
13419,train,569867786572341252
4452,train,570248035369820162
14019,train,569676702030262272
8935,train,567733946717196288
3435,train,568441968327573504
10791,train,568873459901702145
1906,train,569526172335222784
9923,train,569614361574158336
12933,train,569976751205584896
9652,train,569757773937770496
11648,train,567850465406394368
732,train,570115243747074048
10542,train,569206566035042305
1660,train,569632420468625408
6799,train,570251671265083393
7490,train,569571731649667072
12932,train,569977357055864832
3421,train,568454694756069376
9734,train,569688335788036096
11897,train,570305063052283904
6148,train,568180868126150656
5126,train,569324035835711489
10699,train,568966274887389185
4766,train,569857396899606528
14044,train,569674294411669504
11795,train,567755891714174976
13111,train,569937998806011905
8756,train,567872077899763712
6137,train,568189481590886400
2409,train,569222424236916736
729,train,570115452568891392
5117,train,569333637382053889
9258,train,570019623078383616
8024,train,568861149053231104
9848,train,569641916855402496
13457,train,569858278370516992
10206,train,569490688569679872
8660,train,568066927723212800
8176,train,568634515884789761
13246,train,569906807696551936
10624,train,569115483313582080
10636,train,569079956912758784
9193,train,570075866748694528
1344,train,569807000927920128
8070,train,568812654346653697
837,train,570057521353764864
13979,train,569682818306953216
11222,train,568405950958333952
2835,train,568877993453420544
6035,train,568426870963712000
11410,train,568135839814807552
3983,train,567892395867656193
13131,train,569933724743274496
9132,train,570185347453329409
1090,train,569930630059974656
1757,train,569599295713890304
10297,train,569385862489776128
11793,train,567757203093090305
742,train,570106249024446464
12134,train,570279653337927680
4741,train,569887230019284993
3329,train,568524550251479040
13650,train,569770867841839104
12620,train,570086014980648960
7573,train,569527641025306624
2853,train,568864796717805568
10223,train,569483885404413952
2194,train,569320594400874497
101,train,569892199690678272
10842,train,568829465788350464
342,train,568543525505089536
14148,train,569661464509861888
1724,train,569616424995409921
3405,train,568463644503240704
1793,train,569581977889869825
9333,train,569980923179094016
13544,train,569837152332333056
5739,train,568763876377907200
7804,train,569235773645410304
14146,train,569661596898709504
8555,train,568169348721848322
2422,train,569215742224281600
11381,train,568158427664527360
8904,train,567760260598104064
940,train,569999790328541184
7995,train,568894423507058688
11509,train,568062007108190210
6684,train,567734769312882688
6198,train,568136806224379904
10387,train,569338492515278848
6188,train,568147443151454208
13925,train,569690433996984320
9989,train,569588465593143297
98,train,569896805611089920
10137,train,569525480178769920
549,train,570285115655348226
3021,train,568795451341856768
4750,train,569875667245871104
4564,train,570014474993688576
3744,train,568157757406183424
514,train,570301670892146688
9228,train,570048275367079937
2879,train,568850852909342720
7963,train,568924781837455360
13397,train,569872921700667392
13105,train,569939391277350912
11805,train,567751025890709504
1313,train,569838260077228032
13464,train,569857157778132993
510,train,570305603056349184
10982,train,568639824145584128
12738,train,570041376005443585
8778,train,567853001534210049
9563,train,569874553175810050
1343,train,569808684252942336
12304,train,570239376283676672
8285,train,568531076915662848
2132,train,569346420139905024
13494,train,569849550032101377
7190,train,569901265163034624
11457,train,568104590387884032
3185,train,568608982321012736
9541,train,569884071758835712
3072,train,568735994838589441
13240,train,569908918421299200
1202,train,569890681361186818
6632,train,567751489754382336
719,train,570135557151580160
14488,train,569608190410809344
13212,train,569914141814726657
4228,train,567766384378388480
5092,train,569351618522705920
2934,train,568826215089475584
5862,train,568539193669914626
1297,train,569846678351540224
2917,train,568832151119990784
11059,train,568552050797068290
10707,train,568959870445031424
11688,train,567818509650124800
3515,train,568351842217947136
40,train,570033593394667521
2882,train,568849007641911296
12690,train,570060726523584512
3392,train,568469582295379969
14509,train,569605452230754305
1089,train,569930942833258496
2625,train,568986700984283136
5051,train,569491061543796737
2156,train,569337170210607105
10785,train,568877690821877760
5994,train,568440527328120832
4773,train,569842095483199488
12656,train,570072153607049218
9849,train,569641343254970368
9524,train,569892553690124288
10027,train,569565468937232384
11546,train,568027698452426752
2160,train,569335779371003904
3730,train,568165907975053312
8334,train,568475010798637056
6590,train,567766512392364032
5966,train,568454418141614080
6498,train,567814896965124096
2558,train,569078346660900864
8453,train,568243600196296704
3294,train,568547227527819264
8421,train,568393752596717568
11938,train,570291157340704769
364,train,568476562376531969
5378,train,569158261301227520
8965,train,567588278875213824
2244,train,569299401643917313
3924,train,567963422903705601
8631,train,568096875435282432
6841,train,570200546679726082
8116,train,568774914452418561
4194,train,567786652991770629
2181,train,569326940252991488
8132,train,568752951164063745
9159,train,570098159076171776
8094,train,568798045799784448
7656,train,569413676337274880
8607,train,568122440934658048
2913,train,568832749093687296
12838,train,570002805295095808
11159,train,568472775729516544
4951,train,569613113718218752
10490,train,569255036796215297
9125,train,570199481943261184
4521,train,570070880983711744
6315,train,568057887223894016
3679,train,568189520992198656
12381,train,570212050548461568
8915,train,567754367860633600
7410,train,569622447869304832
9447,train,569934782643224576
14623,train,569590013278756865
9208,train,570063683256242177
5342,train,569179843247517698
12497,train,570146395593666560
6694,train,567731598871642112
5208,train,569259238989688833
12793,train,570019099268358144
9536,train,569887533267611648
1883,train,569535507815903233
2487,train,569170897606709250
2943,train,568821261767303168
10996,train,568627373027020800
14369,train,569626673034850304
6869,train,570077234570010624
11045,train,568576058645188608
621,train,570246963901427713
9736,train,569687262444720128
9981,train,569592443542343680
9282,train,570009129579900928
3417,train,568457549973987328
1582,train,569656504946536449
3654,train,568204231271796736
11602,train,567893710949588993
13234,train,569910395667935232
6623,train,567753747283988481
7463,train,569585203666161664
1904,train,569526800767983616
8678,train,568036279989858304
10865,train,568814251311288320
5632,train,568849058523033601
11758,train,567777100112101376
3908,train,568005542997860352
10145,train,569523293356630016
3379,train,568481989776564224
9127,train,570197868813918208
790,train,570079868253298688
14296,train,569641247075213312
6302,train,568072079096061952
13399,train,569872455377879040
11285,train,568243079003529216
4011,train,567874134174101504
10129,train,569527205291802624
5844,train,568555484589871105
9185,train,570078379421990912
2690,train,568954048038055936
2333,train,569257033972604929
3994,train,567886091975462912
3781,train,568129848910204929
9952,train,569602407417692162
11951,train,570286841737318400
10858,train,568822419823169536
121,train,569741221783957504
6985,train,569964286954618880
9039,train,570273880486629377
1321,train,569833653871742976
4834,train,569689184958595072
4382,train,570279442750291969
7240,train,569845862366633984
7438,train,569605593159352322
14532,train,569603156927246336
11123,train,568491905903939584
12532,train,570123207824568320
12149,train,570275632518733825
3778,train,568132185741500416
12242,train,570254322694557696
9778,train,569671332092252160
1849,train,569556131078475777
11550,train,568022411783888896
2201,train,569318505755103232
2573,train,569034721683861505
2482,train,569175138349887488
5998,train,568439748047581184
5978,train,568448282239713280
6581,train,567770722882580480
3423,train,568454386617356291
10386,train,569338605057015808
13563,train,569830069746712576
6116,train,568212893012860928
8216,train,568601554275721216
4880,train,569669872050765824
13472,train,569854535608311809
5415,train,569124760224813056
3464,train,568421732157161472
13247,train,569906662061944834
10675,train,568994507074772992
7039,train,569948353003446274
2680,train,568958107205783554
7636,train,569485297639149568
10784,train,568877748967444480
6276,train,568085366441246720
6990,train,569962078791979009
12730,train,570043199596531712
9334,train,569980771424976896
10692,train,568969970513653762
3236,train,568575520406765568
13277,train,569897060717105152
12615,train,570087022292905985
14590,train,569594712337854464
3779,train,568129947752992768
9675,train,569725021951791104
9889,train,569625053916061696
3427,train,568450262706167808
2642,train,568973797262372866
10513,train,569241158196400130
5445,train,569003484701282304
13292,train,569895210777501696
11128,train,568491035564879872
5773,train,568615365619662848
10868,train,568812584469528576
12159,train,570272880556011520
7403,train,569624621047111680
8154,train,568670498646700032
7997,train,568894231651098624
9578,train,569869163029762048
11365,train,568167414493532161
1392,train,569745365940830210
5379,train,569158165176164353
4852,train,569682422981218304
7256,train,569733882007801857
9686,train,569718492108230657
8213,train,568602614839033856
14546,train,569601332040089600
6409,train,567875758053400576
12332,train,570226757380530176
9599,train,569844919617101824
8181,train,568632557836865536
5646,train,568838781907935233
9793,train,569663875836219392
1285,train,569852332797775872
11200,train,568440004281823233
2989,train,568806035294695424
892,train,570033062202863616
9637,train,569759999083171840
12851,train,570000805626949633
5757,train,568650933049147392
8346,train,568454161962049536
11872,train,567718099794006016
8937,train,567733834964156417
11884,train,570307390752608257
2542,train,569105159764242433
367,train,568463892453724160
12527,train,570124993176203265
4957,train,569607114462793730
9488,train,569909641129402368
1451,train,569714640764035073
3211,train,568593365601820672
6663,train,567739453884465152
14095,train,569667517146222592
7595,train,569519860994203648
4649,train,569960248548593665
5607,train,568869594531651584
11441,train,568112409841238016
7823,train,569229091657936896
2123,train,569357196141719552
3175,train,568614750508036096
877,train,570040644451708930
9799,train,569660306298945537
12774,train,570029599930880000
7816,train,569230859896803328
8086,train,568801400815292416
14184,train,569657618576355328
4559,train,570021128032407552
12865,train,569997215453855744
6965,train,569983750798516225
8037,train,568848952768000000
3998,train,567883674462588929
1640,train,569638675170131968
8956,train,567718292530688000
11122,train,568492240273874944
14491,train,569607661655715841
14188,train,569657112109965312
11632,train,567860313883693056
685,train,570188684881821696
3745,train,568157451729526784
12200,train,570264179216510976
1427,train,569723985262354433
6240,train,568103931307405312
3132,train,568649837610037248
10746,train,568912678917271552
4493,train,570205399619661824
12049,train,570306715599695874
7391,train,569628172842479616
10101,train,569536791830798336
12278,train,570244934634090496
2314,train,569261077877248000
9750,train,569682545375354880
3647,train,568207908057567232
9704,train,569706908002578432
9192,train,570075916430397440
11935,train,570292715444965377
6798,train,570252044528959488
6478,train,567826761141985280
9867,train,569632828478136320
1626,train,569641346316640256
9056,train,570264306350227456
5713,train,568784295759777797
3419,train,568456895515607040
9937,train,569607287867883520
3450,train,568433431471886336
1889,train,569532310716080129
5245,train,569234924785414145
12082,train,570297548726005761
4372,train,570283824040382464
3856,train,568077199162658816
5941,train,568468715819266048
5597,train,568878319074029568
5832,train,568565272824582145
2915,train,568832576468746240
1506,train,569693820398510080
1114,train,569922837353402368
13968,train,569684298107740160
6441,train,567858076285452288
10431,train,569312745306382336
8961,train,567680108002291712
12146,train,570275970046775297
8127,train,568760283864416257
6142,train,568183277774868480
1457,train,569710627649761282
1843,train,569559433887526913
8158,train,568652268305666048
14625,train,569589643487928321
7303,train,569678058199732225
4914,train,569652584761462784
9502,train,569903376583913472
2851,train,568868305697525761
12226,train,570258226819637248
949,train,569993952469880832
12616,train,570086891342733312
12797,train,570017867342725121
5309,train,569206152510226432
9745,train,569684101197910016
6055,train,568394676501217281
724,train,570121361953202178
3354,train,568503120130658305
11464,train,568094172508336128
9253,train,570021485466685440
2651,train,568968761954443264
11886,train,570307312675651585
1615,train,569644957188939777
3268,train,568562765654159361
12143,train,570276414567493633
10444,train,569298163632373761
13409,train,569869892960133120
13367,train,569880508181696513
6326,train,568055279839023105
9452,train,569930292024221696
9026,train,570278902959988736
10217,train,569484900828491776
4919,train,569649277888106496
7219,train,569877622869663744
2770,train,568909613770211329
4961,train,569604066239762432
12502,train,570143200935063552
10291,train,569387765957308416
916,train,570016198747758593
11717,train,567801274293563393
8426,train,568382780251480064
8006,train,568883264791785472
12485,train,570164654061838336
1129,train,569918918602547200
2353,train,569249223897526272
4788,train,569752691460706304
1216,train,569880364811837441
9893,train,569624009354170369
6790,train,570273378403102720
581,train,570270436463759360
2060,train,569415109933531136
5030,train,569515731022454784
4201,train,567781357355794432
1067,train,569938322161668096
7783,train,569248084934443010
3837,train,568090851907207169
8665,train,568056665821413376
14179,train,569658243871608832
10586,train,569161513056935936
14326,train,569633221748637696
12072,train,570300177367633921
950,train,569993782311198720
12463,train,570177752973885440
1541,train,569671617674022912
9482,train,569911064105754624
6627,train,567752478309875714
4817,train,569701004188508161
3412,train,568460037737324545
5924,train,568482840750530560
3411,train,568460278662193152
12087,train,570296986827694080
7894,train,569076569983086592
795,train,570079237350100993
2895,train,568842531531681792
1160,train,569910299983130625
9577,train,569869978217914368
3936,train,567945572746792962
10960,train,568759027775225856
7418,train,569620873394696192
1979,train,569496828376322048
4314,train,567676400933416960
12283,train,570243095482261504
9381,train,569961070519050240
3535,train,568283819477839872
6204,train,568133264168214528
734,train,570110386827087872
5534,train,568913643779203073
11929,train,570295981985681409
3121,train,568655789247762432
9143,train,570125976195219456
14278,train,569642757767081984
11801,train,567753815634370560
5600,train,568876016216600576
8067,train,568818669024907264
2388,train,569233335915925505
1942,train,569512239344054274
14517,train,569604659712811009
3868,train,568067065388642304
10652,train,569007993897013249
11340,train,568194265022648320
2129,train,569349274049368064
12111,train,570287271234174976
7466,train,569581303785328640
10410,train,569325844931448832
9804,train,569658553381883905
4399,train,570271248640401409
5688,train,568804291755945984
11244,train,568372767810125825
1807,train,569577455176048642
4293,train,567730952260943873
14570,train,569597885446270976
945,train,569996897009717248
14124,train,569664077049384961
9409,train,569947001456070656
9021,train,570280737951375360
880,train,570039279050579968
9723,train,569696666611261440
14490,train,569607706358779904
6397,train,567883722948763648
14403,train,569620643810926592
9628,train,569772867774230528
13938,train,569688822180503552
14069,train,569671290111393792
10458,train,569280553574277120
4745,train,569882596798132225
5213,train,569257626715889664
13366,train,569880599764140033
12780,train,570026470741032961
6857,train,570137183442608128
13553,train,569832860795985920
11099,train,568505918540750848
7985,train,568905143883849728
4406,train,570268160202567680
13456,train,569858330421694465
10465,train,569274195332325377
5503,train,568943214130040832
6129,train,568198843034169344
5303,train,569207235953307648
3099,train,568677317590937600
4830,train,569691767953436674
2580,train,569025401906794496
3108,train,568670928407625729
14317,train,569635382834421761
478,train,567796863467839488
7449,train,569602897572450305
9158,train,570101746590093312
7983,train,568906503358259200
4190,train,567788982974619649
13298,train,569894356393570304
8635,train,568094681256497152
6994,train,569961185107431425
12475,train,570174964856266752
8608,train,568118442454355968
9626,train,569776946365620224
9144,train,570120432453615617
7314,train,569672099704508416
12346,train,570223582380494848
3769,train,568140595580919808
1201,train,569894307508965377
5730,train,568772846878461952
14274,train,569643210785497088
5644,train,568840247657820160
6541,train,567790510502371328
1507,train,569693689766907904
1543,train,569669992624431105
5725,train,568777943104802817
5843,train,568556874439790594
13376,train,569879234572718080
7502,train,569559833415970816
10094,train,569539074106789889
2702,train,568950548411461632
8950,train,567727329783582720
10978,train,568644053522391041
8265,train,568546837231042560
12385,train,570208909522182146
9115,train,570212087223287809
4004,train,567881459161260032
11654,train,567847737061941249
10973,train,568652138915766272
12039,train,568757671819661314
8409,train,568416305101070336
9609,train,569827255653941248
4562,train,570014884651380736
7253,train,569739521291452416
4188,train,567789435795861504
5165,train,569288530419175424
12306,train,570238782202470402
10577,train,569167514300784640
3698,train,568181167054196736
5407,train,569134718396051456
6889,train,570059116066017280
11414,train,568134534857764864
2563,train,569075488926371841
1068,train,569937806518169600
10681,train,568983517037772800
4449,train,570249864841285632
4582,train,569996707443970048
14214,train,569652478020489216
914,train,570018079993937920
8656,train,568071468312981504
802,train,570074864708669440
14059,train,569672930851844096
4556,train,570031211336368128
8104,train,568785867743105024
156,train,569574961158815745
12678,train,570064554232688640
2771,train,568908748732760064
14422,train,569618210699513856
871,train,570043937244622849
58,train,569990163209850881
3997,train,567884646270267392
3182,train,568611364803096577
10019,train,569568612215865344
3168,train,568620841325301760
6228,train,568108100827217920
14219,train,569651504753332225
4627,train,569975155964772352
12305,train,570238822157570048
4511,train,570098324172206080
10412,train,569325005823217664
7998,train,568894021688434690
4979,train,569586743831191552
4862,train,569675668524441600
14495,train,569606926234824704
1721,train,569616974256472064
13583,train,569820619682009088
8903,train,567760693643214848
6254,train,568093497431101440
8362,train,568439661590396928
11009,train,568619178363478018
7570,train,569528083755237376
7986,train,568904934495629312
11016,train,568609999200477185
14482,train,569608570066436096
8352,train,568444359391252480
13823,train,569709552721141764
10342,train,569361887659294720
9285,train,570007297927221249
9629,train,569771711408644096
13377,train,569878990841901056
1929,train,569516566380875778
3864,train,568068216972423169
2440,train,569206925046493184
12997,train,569964335038124033
13192,train,569917319381712896
4345,train,570296754832318465
11121,train,568492323824381952
11120,train,568492370821562368
6356,train,568014567089029120
3600,train,568241367396192256
497,train,567742937325260801
10879,train,568807391484997632
8397,train,568425272304934912
9786,train,569668310637404163
9949,train,569603357406576641
3443,train,568435938264625152
9387,train,569959415433965569
825,train,570063574858493952
10072,train,569547921189933056
3796,train,568116996761452544
13481,train,569852112605089792
2698,train,568951377231114240
11686,train,567818961716387840
3244,train,568573889359556608
8974,train,570307011981783040
439,train,568059129601724416
2256,train,569293965448458240
6818,train,570233306664591361
11329,train,568208488335331329
2789,train,568899516872568832
14136,train,569662418898579456
4837,train,569687888771706880
14426,train,569617808885096448
770,train,570087270524411904
1244,train,569868764495400960
13099,train,569940685757014016
13992,train,569680508088688641
11195,train,568443870570278912
708,train,570160394494480384
6377,train,567900433542488064
6895,train,570049623697461248
11112,train,568496861797076992
10835,train,568834902365503488
5872,train,568531043805999104
4348,train,570293661377961984
12417,train,570195089869447168
11315,train,568216602866376704
10656,train,569002703558475777
5726,train,568776728333541376
9587,train,569862572540878848
1139,train,569915992303730689
8088,train,568800822693380096
11682,train,567820647465803776
5509,train,568934745909829633
2063,train,569407352299847680
4790,train,569735142564102145
4980,train,569586235259404288
13004,train,569962686219288576
3433,train,568444042851323904
11231,train,568387549867036672
14072,train,569670802867556352
8931,train,567737267095994368
11013,train,568616463407255552
14041,train,569674597479677952
13772,train,569720008630149120
14053,train,569673582609088512
14373,train,569625456816709633
8912,train,567756085583302656
13046,train,569952247641198593
6966,train,569983421549834240
4864,train,569674930842775552
7787,train,569244956663148544
6844,train,570198409497288705
890,train,570033341250056193
2909,train,568834824410148864
1099,train,569928034171498496
905,train,570022345424834560
14054,train,569673434721951744
14599,train,569593045777321985
5011,train,569546319666110464
4779,train,569813808987787264
7988,train,568900016636452864
2799,train,568894575596580864
1134,train,569917363891499008
691,train,570182980142022656
9770,train,569672330261106688
1927,train,569516852805808129
10466,train,569274088289660928
10148,train,569522534724403201
10934,train,568775800599801856
5775,train,568613837198340098
3765,train,568143658089717761
8358,train,568441576206286848
10128,train,569527440499978240
13742,train,569728466469453825
1166,train,569908175953993728
13673,train,569757272760397824
7205,train,569889219805642752
5883,train,568519360953716736
13483,train,569851972645466112
9569,train,569870657246404608
2811,train,568885959225446400
13932,train,569689784517402625
12293,train,570240764812378112
14604,train,569592590632247297
14172,train,569659162281377794
7446,train,569603039750852608
9884,train,569626882053787649
6423,train,567869191002263553
10330,train,569367829188886528
6762,train,570292360749453312
11629,train,567861901603901440
6942,train,570001601072652288
12247,train,570252614320783361
2861,train,568859157253611520
10261,train,569435327544369153
6518,train,567804718886711296
13043,train,569952945028108288
7969,train,568920244691070976
758,train,570095499287506946
8670,train,568045665185452032
10812,train,568854976119898112
10049,train,569557662997852160
153,train,569575679722786816
8394,train,568426494554480640
465,train,567814795895787520
7270,train,569705380282019841
13072,train,569947414263701505
11612,train,567880416201293824
13882,train,569696449111461888
8645,train,568086568059027456
10971,train,568706442850660352
9939,train,569605710314668035
7279,train,569697728890056704
2783,train,568901828055707648
5590,train,568880408701435904
2479,train,569178715051188226
3959,train,567918545046081537
13092,train,569941647884029952
6760,train,570293674472558592
8838,train,567807693534031872
6387,train,567892874756501504
12763,train,570033429816999936
9606,train,569837569392967680
1860,train,569550290753445889
12534,train,570122982863060992
14350,train,569630106940895233
5034,train,569508595181731841
11151,train,568475947617411072
7290,train,569685767527596032
521,train,570298411582394368
6491,train,567819359255810048
7643,train,569473231498964992
8069,train,568815117120319488
8321,train,568488247514554369
14381,train,569623852403306496
11227,train,568394432900431872
12928,train,569977887136342016
7796,train,569238439373234176
6284,train,568082656413552640
13582,train,569820671234060288
14567,train,569598314825555968
10790,train,568874175693242369
14438,train,569616208804380672
4008,train,567876794788872192
12355,train,570220301465681921
8461,train,568240100934426624
1990,train,569489032100614144
920,train,570014190498287616
363,train,568478510538493952
11116,train,568494910405517312
4368,train,570285012882472961
8198,train,568616851531378688
7544,train,569537388986421249
8324,train,568487439062441984
279,train,568884848632279041
8156,train,568662554047696896
5471,train,568964732981530624
13737,train,569730304111325184
962,train,569988762085806081
9910,train,569620355783925760
14430,train,569616839761743872
4754,train,569874524922978304
4990,train,569568079761403904
11851,train,567728386014183424
4716,train,569904370361483264
224,train,569221156504530944
12850,train,570001092206923776
2899,train,568840701850419200
2762,train,568916446710857728
4857,train,569678813602418688
10918,train,568783658150191104
6960,train,569987325347954688
6894,train,570050603851710464
10740,train,568916807815438336
10608,train,569129625592274944
8951,train,567726912186118144
7457,train,569588667225927680
678,train,570200756827000832
14331,train,569631973859139584
12085,train,570297070998974464
12476,train,570174794425098241
10720,train,568941140415803393
6739,train,567688325276770306
7040,train,569948345583562752
11366,train,568166478572204032
2659,train,568965937875066880
13389,train,569875419412828161
3993,train,567886093749604353
7366,train,569642730932064256
4932,train,569638417505497088
10483,train,569260276626956288
10779,train,568882629409411072
12983,train,569968904409214976
7593,train,569521778797744128
11976,train,570279118438182913
13997,train,569679296572170240
10866,train,568813649336381440
8700,train,567965767808864256
13210,train,569914488541069312
10416,train,569322478847135744
12387,train,570205917024628736
12287,train,570241664272371712
13176,train,569920723038416897
5938,train,568470266793340929
1141,train,569915610890547200
12731,train,570042981794729985
14496,train,569606513859305473
11701,train,567807786748284928
2255,train,569294326259253248
14203,train,569654562031685632
14158,train,569660164149800960
3276,train,568559680894550016
12765,train,570033099939184641
6662,train,567739553251725312
4075,train,567834498655604736
838,train,570057178687475712
848,train,570053734639792129
8592,train,568137238732771328
14439,train,569616120866476032
10595,train,569147067559485440
6613,train,567758009607421952
9866,train,569633099174322177
5003,train,569554826616381440
5897,train,568502289402630144
11263,train,568258333649604608
8501,train,568204616594165760
5866,train,568536883199746048
2043,train,569439706339024896
1868,train,569544732780556288
4777,train,569832563403051008
4030,train,567863082346627072
13016,train,569959631256051712
5574,train,568885971913023488
3090,train,568699390962958336
8442,train,568255102567518208
8683,train,568027668026937344
8996,train,570295290063925249
3873,train,568062560198664192
3285,train,568555022209847296
4572,train,570009135519035392
3439,train,568438094652956673
6296,train,568076650782404608
10495,train,569250438882705410
7499,train,569564016906891264
787,train,570081411715059712
3645,train,568210563991363584
8977,train,570304779412508673
4842,train,569685259412836354
6331,train,568054666216509441
10197,train,569493923451834369
7263,train,569716857869107200
10634,train,569088825420607488
4171,train,567796247672721409
96,train,569909224521641984
14530,train,569603962233622528
3111,train,568667108252319744
8026,train,568860520796725248
9100,train,570223944260849664
12276,train,570245402982785024
4877,train,569670671695011840
13414,train,569868638968254467
7371,train,569636980612427776
13351,train,569884033775063040
6459,train,567835334572130304
6415,train,567872810770657280
11395,train,568143054856712192
6282,train,568083999761010689
12273,train,570246800247902208
4400,train,570271138464419840
11993,train,570275248052039680
2354,train,569248898071580672
6507,train,567811713870876672
11814,train,567741884140093440
8942,train,567730696656273408
2831,train,568881357583097857
10080,train,569544271017037824
8550,train,568172923531481088
13408,train,569870075316064256
789,train,570080863720878081
6303,train,568069670475071488
13601,train,569805235255783424
285,train,568864815654899712
567,train,570275140157640704
10597,train,569144026084962305
10216,train,569484935557484544
4922,train,569644697309872128
13981,train,569682097125896192
13779,train,569718651709820930
2168,train,569331021163814912
13764,train,569720969947848704
7045,train,569947699471974400
1846,train,569557763094917120
10066,train,569551994949648385
7697,train,569341821505163264
6551,train,567783113309585409
8507,train,568202482746335232
11324,train,568211263303639040
4581,train,569998043761803264
5865,train,568538034947297281
700,train,570175202807586816
7127,train,569927856232534016
6820,train,570232616755929088
12707,train,570052723409874947
4840,train,569685957437362176
1796,train,569580648505020416
12503,train,570142665246965760
1330,train,569821947049218048
8884,train,567772770604298240
676,train,570201707621146624
8345,train,568456085536935936
2607,train,569004759069421568
13680,train,569753036014247936
10231,train,569475215832387584
8458,train,568241382776635392
8652,train,568079126462128129
4940,train,569626122578726913
635,train,570235686470746112
10991,train,568633911959363586
6080,train,568275746516385793
12210,train,570262528539779073
10980,train,568641157724549120
11432,train,568117268254568448
2517,train,569144056305074176
863,train,570048726380765184
7027,train,569950913554620416
5572,train,568888623787089920
8146,train,568711179318779904
9402,train,569949405136232449
9583,train,569865823415902208
10084,train,569542427758866433
5104,train,569342909205647360
3325,train,568526386249351168
11073,train,568535163690287104
5316,train,569203705750237184
3012,train,568800974632050688
8679,train,568034012930936832
5239,train,569239823820705793
319,train,568689188377403392
2658,train,568966873880137728
2881,train,568850600261226496
13540,train,569837685428359168
461,train,567845203014377472
3207,train,568596065882017792
13381,train,569877540698894336
12756,train,570035338925592577
2184,train,569325844906115072
12324,train,570232122826493953
8229,train,568586894776406017
6996,train,569960833884803072
3465,train,568419711521841152
8898,train,567766410169954304
12252,train,570250940290342914
12816,train,570009228867293185
3602,train,568239444500865025
7098,train,569937722804211713
1574,train,569660691256188929
10196,train,569494270966685696
7305,train,569675848770408448
1079,train,569935689292259328
13359,train,569881888892055552
12359,train,570220053142097920
10091,train,569540460810620928
9101,train,570223851570909185
13694,train,569745375713558528
1816,train,569570644632821760
14212,train,569652564544761856
12183,train,570267592478191617
842,train,570055285500469248
2417,train,569217317315354624
10610,train,569126921096859648
5305,train,569206711443181569
1645,train,569636929165242368
8010,train,568877772828880896
6246,train,568100626183417856
14598,train,569593050235736064
11821,train,567735943424397312
11221,train,568408074161160192
6147,train,568180928746369027
11478,train,568079676612087808
7727,train,569303932691984384
6763,train,570292174044200963
8002,train,568888413308391424
7569,train,569528351364292608
2468,train,569186566247051265
5110,train,569337520573390849
4359,train,570288841447366658
13055,train,569950766485540864
2141,train,569340749466226688
9025,train,570279050276704257
7399,train,569626884549578752
447,train,567972174398689280
12366,train,570218532060835840
4530,train,570061334898872321
11098,train,568506804096917504
8928,train,567738171215994880
12848,train,570001282603229186
11702,train,567805465854488579
9109,train,570217450874146818
1263,train,569862755420905473
11712,train,567802602738708480
11269,train,568255867751165952
2131,train,569346431833673732
14336,train,569631742631354369
4009,train,567875594785923072
11225,train,568397140977979392
13660,train,569766662024630272
7518,train,569548726265470976
7055,train,569947331241639936
9920,train,569616551239917569
1869,train,569544730184261632
10391,train,569337230935724032
12424,train,570192751830171648
1157,train,569911515106582528
6803,train,570246094157946880
4442,train,570252802611679232
11734,train,567789902633664512
14163,train,569659617699074048
6603,train,567761790357209088
2480,train,569177940027674624
6782,train,570280755085090816
5711,train,568784615877574656
480,train,567787873778278400
6097,train,568236511524745216
6335,train,568052354525696000
3410,train,568460680367644672
13051,train,569951353205870592
13729,train,569733015896592385
994,train,569971033182048256
3138,train,568646083162836992
3198,train,568602007583354880
2320,train,569259575800569857
3310,train,568536558279593985
7331,train,569667688743763968
3382,train,568476370130628608
10202,train,569492208203776000
1108,train,569924201559293952
9031,train,570276806512779264
5198,train,569261068050141184
2958,train,568815514702770176
12227,train,570258141599928321
5669,train,568825542792720385
11906,train,570301488192458752
9839,train,569646045656948737
8964,train,567590027375702016
4848,train,569683741779599361
7507,train,569558114447560706
1056,train,569947174571675648
8235,train,568571758627790849
11650,train,567849102731526144
6113,train,568216414957408256
6845,train,570198289376677888
14253,train,569645783974195202
12054,train,570306250442985473
8468,train,568228052485812225
9311,train,569989322641936385
624,train,570244711388065793
726,train,570119457286328320
11040,train,568591324737200128
11900,train,570304544128815104
11312,train,568218884060241920
32,train,570088404156698625
12522,train,570128847439417344
12908,train,569983093341347842
147,train,569599867716132864
3188,train,568607646204465152
11442,train,568112232208293889
12529,train,570123495180410881
7721,train,569307978798645248
4733,train,569891377351233536
12594,train,570094749933289473
12008,train,570270776370311168
10296,train,569386397683073024
9,train,570295459631263746
14115,train,569664828911919104
5864,train,568538599903244290
1758,train,569598985737867265
4058,train,567845953245413376
8108,train,568781359331844096
8148,train,568703064691113984
8510,train,568200934507057152
10479,train,569263496560422912
13657,train,569769214388473857
7343,train,569659473804947456
4000,train,567883246433878018
5133,train,569317747101982720
11816,train,567739625465077761
11212,train,568422454609219584
1371,train,569754680626008064
1211,train,569885185170223105
5621,train,568855390462603264
7177,train,569920090440916994
5614,train,568859651980156928
6550,train,567783187901915136
10568,train,569174847374233600
10878,train,568807901608828928
12264,train,570248162067107840
2959,train,568815354388078593
2470,train,569185594095509504
14282,train,569642200595898368
8190,train,568625613797511169
4061,train,567845165781532672
11694,train,567811918711504896
9556,train,569879601784041472
6226,train,568108822360760320
1360,train,569769624780165120
8112,train,568778730186928128
9436,train,569938672935546880
11047,train,568569972529745920
10434,train,569310913079214080
12357,train,570220208037584896
68,train,569972508499283968
6495,train,567817455234715649
9816,train,569653219229630464
10550,train,569191845219209217
6030,train,568429062642929664
12433,train,570188794730848256
4441,train,570253196213383168
7925,train,568970344154836993
13059,train,569949946146742272
2929,train,568828064152424448
9980,train,569594973949206529
14419,train,569618659917893632
272,train,568911350656675841
343,train,568541317816561664
4679,train,569941609225293824
11769,train,567768552644423680
8780,train,567852264099999744
5631,train,568849739346608128
8636,train,568094548141977600
6063,train,568383068244819968
1867,train,569544742595391489
13734,train,569730861593010176
10292,train,569387570364198913
12300,train,570240207682998272
4522,train,570070659130220544
8299,train,568509669758660608
12740,train,570041144488230912
18,train,570270684619923457
5729,train,568772912557133824
7482,train,569574221216661505
7548,train,569535236884664320
13018,train,569959182729785344
2326,train,569258900228190208
13515,train,569844028365275136
6025,train,568430867447549952
11191,train,568444203883204608
14240,train,569647825299963904
5663,train,568828574641328128
11692,train,567812370690605056
9617,train,569817859406352384
1040,train,569955602782236672
14536,train,569602563261276160
4434,train,570257631778107392
2939,train,568823775745028096
11050,train,568569324245532672
1042,train,569955386914181121
5787,train,568604899870711808
7509,train,569557216480665600
8845,train,567803467282046976
3928,train,567953560362733568
805,train,570073969690169344
1812,train,569573704902049793
828,train,570061339604987904
1765,train,569596089625661440
3884,train,568052677881565185
12000,train,570272172679282688
6151,train,568180264914051072
7487,train,569571938819055617
13523,train,569842295387791361
1898,train,569529789100507136
13253,train,569905765420441600
5307,train,569206387483525120
12759,train,570034025148108800
5727,train,568774192029523969
11770,train,567768450471587840
2082,train,569380122194636800
13230,train,569910789651496960
1578,train,569658769686339584
9359,train,569970117154484224
8517,train,568197789655515136
8916,train,567752625647394816
9044,train,570271713512046592
13282,train,569895932394917888
1316,train,569836091651592192
8168,train,568641342869544960
11646,train,567851275599110144
3966,train,567901996763602945
8089,train,568799543698935808
1241,train,569869808092749824
10736,train,568923795228139521
10829,train,568841068348878848
6816,train,570235244999270400
11320,train,568214100578324480
1774,train,569591642367401984
2462,train,569189285334618112
11130,train,568490899396829186
11249,train,568354818344923136
14254,train,569645502729457666
5724,train,568778115956092928
5155,train,569301386262745089
13165,train,569923730614460416
961,train,569988785330479104
9654,train,569757363797757952
5765,train,568627477259485185
7231,train,569862271968669697
2010,train,569475909226401792
5216,train,569255493610442752
3958,train,567919301732098048
1750,train,569604655166009345
8545,train,568175537258156033
6557,train,567780076926693376
7152,train,569925091095646209
9514,train,569896241196339201
11952,train,570284862122233856
6617,train,567754562053091328
14245,train,569646827567501312
479,train,567792185832394752
66,train,569976620158578688
5363,train,569165556722503681
6971,train,569977974176378880
9671,train,569729072697352192
6768,train,570291473528320001
9063,train,570258209534922752
3196,train,568604039430033408
6013,train,568436267702071296
5789,train,568604231026003968
11409,train,568136286109888512
4644,train,569965376186019840
2187,train,569323727818657792
13990,train,569680818228084736
601,train,570258476695302144
9596,train,569849281533874176
771,train,570087006593642496
10870,train,568811022049349633
8247,train,568559580717805568
12625,train,570085025896665088
5002,train,569555199062224897
6384,train,567896042093617153
3913,train,567985715017072640
2752,train,568919686978641920
5857,train,568542896539873281
8009,train,568879791648088065
9045,train,570271209822294016
3596,train,568248180057325568
11239,train,568382196081229824
1291,train,569850216754618368
9027,train,570278432417972224
7118,train,569930522677399553
10364,train,569351289026568192
3777,train,568132619092795392
1706,train,569619325230960641
5822,train,568571900596772864
8925,train,567740053967736832
5024,train,569522307657388032
5582,train,568883981371846656
8077,train,568807823187976193
14601,train,569592830307508224
10076,train,569546406442209280
9709,train,569703468736376832
8999,train,570293289045364736
8688,train,568018490331930625
1284,train,569852334324518912
627,train,570240043022991361
14433,train,569616573905936384
10560,train,569182303034974208
12724,train,570044700951838720
8128,train,568760152129720320
9636,train,569760128343220224
102,train,569891469210755074
9692,train,569716646165778432
13642,train,569782378270314498
8262,train,568548307200393217
14173,train,569658953828732928
6088,train,568262925833515008
13463,train,569857209745584129
8713,train,567911142955311104
610,train,570251549219393536
4900,train,569667173544812546
10162,train,569513103970455552
6925,train,570012934287568898
10276,train,569408340616351744
8579,train,568152534507855872
4364,train,570287238145290240
3459,train,568424596657078272
7560,train,569531651732217857
1246,train,569868055502696449
1311,train,569838692220542976
11399,train,568140468854198272
11143,train,568482168021917697
1808,train,569576418855620608
11380,train,568159483786084352
10074,train,569546858122616833
9746,train,569683278715883523
8908,train,567758248481415170
12335,train,570226414525542400
7860,train,569158629443502081
5129,train,569320844503228416
3031,train,568787202341081088
8970,train,570308799950692353
1982,train,569491817600655360
10997,train,568627064062009344
2742,train,568925583939375104
7779,train,569251925482475520
9769,train,569672763536842752
10097,train,569538649110548480
5772,train,568617163465957377
2185,train,569325061892481024
4131,train,567811360404336641
12001,train,570272018840428544
2738,train,568927281747505152
11021,train,568607425047240704
10756,train,568903820283158528
10226,train,569481844300898304
3935,train,567946595481706496
10823,train,568845552114405376
9384,train,569960575792504833
1834,train,569564060678639616
1276,train,569857003855720448
3042,train,568780030538420225
9221,train,570054495943720960
10109,train,569533202835984385
4533,train,570058699676520448
7439,train,569604507405037569
8857,train,567796029056385024
6722,train,567721299162968065
4494,train,570205323992174592
922,train,570011505237716993
7065,train,569942253365534721
6419,train,567870311539933184
6106,train,568222976744824832
3241,train,568574188086296576
5150,train,569305311007399936
11348,train,568180869120135169
6778,train,570284988224008192
9990,train,569588073438121984
184,train,569316358845911040
2507,train,569154879484235776
8562,train,568162054206435328
6931,train,570009951474753537
7841,train,569191875271372801
3445,train,568435244841500673
2511,train,569150031216779266
11511,train,568061283200839681
5046,train,569495653526724608
1833,train,569564671688118273
4609,train,569981679806365697
181,train,569323082701275138
11272,train,568251315220041728
12443,train,570185364746461184
13479,train,569852657327738880
9003,train,570290421336813568
9097,train,570226104839090176
9111,train,570215234088116224
14325,train,569633282855301120
12809,train,570014299625787392
10207,train,569489753332191232
7673,train,569359788120907776
14624,train,569589959088173056
1767,train,569595218401439744
9152,train,570108987284197376
1658,train,569633545737490433
5651,train,568833691306369025
6066,train,568364870757797888
3444,train,568435290722975745
13274,train,569897809731854337
2883,train,568848928466198530
12869,train,569996479416438784
7737,train,569296354607935488
7255,train,569736434803978240
2920,train,568831574474661888
6821,train,570231750959329280
2087,train,569376145000390656
5698,train,568800184345468929
10995,train,568631538541326336
10954,train,568762393083449345
5460,train,568975192615223296
1396,train,569743079491547137
4546,train,570041591714455552
7214,train,569883383930621952
9294,train,570000520083075072
4561,train,570017357747380224
10604,train,569135312175280128
208,train,569248400836726786
1290,train,569850867899170816
10672,train,568994755268513793
4135,train,567810811491524608
3595,train,568248245563969536
977,train,569980415919853569
7892,train,569083604216623104
9435,train,569938939122991104
12372,train,570216406119157761
6158,train,568173585484771328
3800,train,568115014139162625
6656,train,567741202884075520
7572,train,569527848131637248
5783,train,568607454893727744
10312,train,569374561197789184
13618,train,569797440100036608
1413,train,569729325546602497
13496,train,569847788986462209
7176,train,569920515542003712
14112,train,569665193266909184
7927,train,568968141814046720
1621,train,569641805073031168
12990,train,569966496698343424
5480,train,568954934084788224
12081,train,570298117544906754
8090,train,568799486392143872
8619,train,568106969812189184
626,train,570241830757007360
11426,train,568124226135130112
4632,train,569974656653877248
1659,train,569632550873915392
9901,train,569623156337586177
11043,train,568583014176960513
2476,train,569181132685574144
4302,train,567725820056068096
12985,train,569967909155446785
8995,train,570295405818335236
5989,train,568443115415035904
6232,train,568107058605608960
14401,train,569620850820956160
5012,train,569545575688830978
6402,train,567879888490868736
13286,train,569895618866315264
4459,train,570242641264320512
1716,train,569617556857851904
6121,train,568210101573722112
11538,train,568033591973847040
998,train,569969999961391105
6951,train,569994678155780096
1269,train,569859950215700480
14257,train,569645082414080000
9537,train,569886919833874432
3675,train,568191336764948480
4935,train,569635428237778944
10136,train,569525636575793152
953,train,569991529764409344
6363,train,567951109677027328
673,train,570204730745421826
2204,train,569316673942990848
1911,train,569523831460761601
7342,train,569659637575917568
3180,train,568611514711552000
7421,train,569619984802054144
14065,train,569672021078114304
5761,train,568637034761302017
13267,train,569900784965554176
2427,train,569213441694568448
11264,train,568258093051727873
10365,train,569351224274718720
9503,train,569902284710084608
9917,train,569617777075625986
7503,train,569559370104639488
4704,train,569918484726964224
9830,train,569649203753791488
13136,train,569932363641298944
12624,train,570085165378068480
1813,train,569571772355489792
7934,train,568963192489029632
11230,train,568388037484220416
13355,train,569883153231257601
9632,train,569763137819267072
12392,train,570203943671865345
6640,train,567748702781992960
8098,train,568796240319639552
12819,train,570008958691364864
10326,train,569369390178799616
12631,train,570081695342309377
1891,train,569531988702576640
11764,train,567774229249421312
6234,train,568105844174397440
9270,train,570013961808187393
5972,train,568452051740413952
10814,train,568853412617560064
11658,train,567843415716732928
9446,train,569935522497478656
11771,train,567768417038761987
3480,train,568401790250700800
2836,train,568877085479071744
8885,train,567772568833503233
13026,train,569957703813976065
12929,train,569977806320476160
7555,train,569533355248766976
12957,train,569973352837853184
7580,train,569526458529349632
9371,train,569967808446009345
9391,train,569958301443739650
1302,train,569842452716236800
10882,train,568805605432958976
13231,train,569910774556004352
1204,train,569888244155981825
9826,train,569649975342333952
12777,train,570028125024706561
3674,train,568191654986792960
7646,train,569460591644925952
6673,train,567737625637687296
8355,train,568442965661761536
8886,train,567772565956222976
13401,train,569871979739635712
12849,train,570001183600812033
11815,train,567739813114417152
14014,train,569677563334942720
3964,train,567905267033055233
14175,train,569658725016809472
2260,train,569291447377137664
12701,train,570056907634798593
2336,train,569256307045179392
1444,train,569716148293349377
8209,train,568604311598469121
7201,train,569890099917246464
1336,train,569815182265978880
2695,train,568951819969232896
6473,train,567829689600892928
9344,train,569972558218440704
13198,train,569916323725217793
11810,train,567745507834220546
1046,train,569953575226310656
13118,train,569936251551232000
3510,train,568353091407495168
7051,train,569947367203450880
9469,train,569920484856475649
14126,train,569663928701038592
2311,train,569261791928315905
10572,train,569170176165478401
911,train,570019476235788288
6519,train,567803969235390464
11245,train,568364074427420672
3791,train,568122284474544128
12486,train,570163418637996032
882,train,570038991527002112
13218,train,569912835871879168
6574,train,567773611591626752
3231,train,568579388704292864
13205,train,569914894868328448
7383,train,569632519387099137
14199,train,569655113477988352
1693,train,569622678228705280
2221,train,569308775435390976
4748,train,569878685723049985
3986,train,567890765134852096
1864,train,569545805826166784
11963,train,570281958556610560
9456,train,569928540004753409
6669,train,567738154128769028
9220,train,570056533356224512
1340,train,569812898815614977
7910,train,568993159419535360
14519,train,569604453462110208
441,train,568054702635483136
11335,train,568199678896037890
13710,train,569739515243462656
14600,train,569592981742878721
12643,train,570078556711026688
4531,train,570059574268469248
12567,train,570101666571288576
7236,train,569851813706539009
12265,train,570248011621609472
1915,train,569522040547385344
8927,train,567738388980068352
2386,train,569233531483918337
14382,train,569623849752358912
930,train,570004899234074624
5120,train,569332471193595904
14537,train,569602295224246272
4036,train,567861727833894913
10088,train,569540668403662849
9246,train,570030083093729280
5230,train,569247351392616448
13475,train,569853969469734912
12114,train,570284660510433280
4247,train,567754136255725568
8638,train,568094177394888705
14465,train,569611735696580611
7641,train,569477571726974976
7741,train,569284887955558401
7874,train,569132246810144769
381,train,568429677779365888
1810,train,569574646229684224
7472,train,569578296360378369
9978,train,569595123799101440
13527,train,569841254655270912
10264,train,569431884217909248
9243,train,570030761539182592
4246,train,567754288055988224
2188,train,569323015550296064
8040,train,568843464361713664
5699,train,568798426810355712
8110,train,568780552964145152
2183,train,569325988921810945
11369,train,568165058229997569
4260,train,567745233900044289
14418,train,569618884577218560
10271,train,569418351295926273
12460,train,570179236633432065
13613,train,569799402119770113
8047,train,568837638611992576
1665,train,569631027385245696
5531,train,568915699290284032
4325,train,567591480085463040
5145,train,569310448300003328
12603,train,570092184948645889
47,train,570010571707256832
303,train,568815689684815873
1501,train,569696881330167808
9010,train,570287589216751616
13610,train,569801089022734336
9107,train,570219138125324288
5069,train,569374298168791040
11924,train,570297070998974464
6637,train,567750328729485314
10943,train,568773776638406656
7510,train,569556860652675072
11150,train,568479680229208064
1362,train,569765076980215809
932,train,570004247586013184
1477,train,569705563287896064
13284,train,569895817403768833
12543,train,570116595193810945
8045,train,568839596261249024
2149,train,569338441172983809
11417,train,568133754142793728
13450,train,569860221755117568
14208,train,569654178789724160
12970,train,569971756498329600
10915,train,568786315820470272
11864,train,567725170367148034
5093,train,569350730034728960
1436,train,569721804891271168
3295,train,568547007003955200
10,train,570294189143031808
13609,train,569801344988680192
2029,train,569459716906229760
157,train,569572942381649920
12789,train,570021329065394176
7771,train,569259756344487938
2332,train,569257540023951360
13606,train,569802396328534016
10679,train,568990617394647040
7454,train,569594354924425216
14518,train,569604466757865472
7632,train,569490427625086976
9837,train,569646886610702337
4570,train,570009576273154048
6349,train,568037842838024192
11787,train,567759874403344384
2898,train,568841528455659520
3458,train,568425564282998785
5361,train,569166753101684736
14503,train,569605935280336896
10714,train,568949250152734720
4725,train,569898033128693760
3559,train,568269181394817024
966,train,569987348772950016
4551,train,570034397153398784
12057,train,570305234838429696
1712,train,569618868441722882
3129,train,568650724399321088
7869,train,569146084632760320
7246,train,569797465416683521
584,train,570269035998408704
816,train,570067079253991424
3418,train,568457483301339136
9659,train,569747533641199617
1943,train,569510828023488512
1379,train,569749233344983040
6584,train,567769787317907456
5397,train,569146504004415489
6840,train,570204309041893376
773,train,570086399627685888
5946,train,568467055747313664
7265,train,569713071435829249
4292,train,567731485894270977
3538,train,568281801480904704
127,train,569652497947734017
409,train,568157680696729600
9993,train,569586372866150400
3380,train,568481405681999872
2872,train,568854214136479744
10020,train,569567629083430912
1300,train,569844088997949440
3489,train,568382290352590848
2992,train,568805448696115200
9364,train,569969062228439040
7795,train,569238666654195714
3015,train,568797800743313408
10314,train,569373650647945216
12311,train,570237269753376768
11216,train,568416602728890370
7505,train,569558286216929280
7803,train,569235825680105472
6629,train,567752230111936512
4987,train,569576038289711104
10267,train,569421367243878400
2136,train,569343186046332928
5100,train,569346451526041600
8295,train,568523834980057088
5953,train,568463331251634176
7844,train,569190933297807360
13271,train,569899522152726529
13096,train,569940889902034944
8205,train,568611024837849088
13855,train,569700922248581121
11903,train,570302358242115584
9500,train,569904589010575360
11292,train,568234992557527040
13641,train,569782460000514048
3337,train,568515553666539520
10514,train,569239087493857281
12578,train,570099970742886400
11232,train,568387111931527168
2834,train,568878121958694912
6713,train,567723096186945538
12895,train,569988207489777664
10901,train,568790903776636928
2317,train,569260366221348864
13813,train,569712291857485824
12646,train,570077431484121088
11175,train,568457663123746816
4921,train,569646857632096256
14269,train,569643614113918976
1093,train,569929187101966336
7788,train,569244701875769345
3938,train,567939727023673344
706,train,570163662100549634
3766,train,568141442951942146
2887,train,568847616404004864
5767,train,568622676773703681
1185,train,569902219602100225
9976,train,569595745126494208
1158,train,569910996824780801
13998,train,569679274535362561
6621,train,567754096272224256
13439,train,569864610016321536
13422,train,569867363580903424
3926,train,567960564023967745
10203,train,569492106923806720
5405,train,569140424251715584
2960,train,568815310016548865
3566,train,568264293478744064
7724,train,569305705750114305
4744,train,569883152493240320
2387,train,569233434423353344
8659,train,568068942771695616
9279,train,570010979074834432
5689,train,568803368367366144
9846,train,569642526065471488
3084,train,568716015338717184
7486,train,569572180012371968
2051,train,569428333500375040
14528,train,569604083507556353
1729,train,569614651400585216
3701,train,568180525644398593
12900,train,569986246648442881
14479,train,569609326253502465
3865,train,568067938843893761
12334,train,570226471941251072
7440,train,569604469324967938
494,train,567748973910163457
9679,train,569721779645767680
9377,train,569963395652280320
6896,train,570049018820042752
10502,train,569245856680914944
11149,train,568480213123919874
14544,train,569601354118905859
5502,train,568943601306210305
13452,train,569860082965426176
10215,train,569485181633089536
3548,train,568275733736353792
10722,train,568940215190085633
12715,train,570048310876119040
5449,train,568999266741411840
8759,train,567871783107452930
9576,train,569870007368331264
4524,train,570066487056027650
12393,train,570202978650603520
5833,train,568563550475698177
2140,train,569341769114128386
7582,train,569525974284558338
5769,train,568621312622657536
6014,train,568436061959028736
10281,train,569398722884280320
14176,train,569658686999818241
2857,train,568860389640962048
8118,train,568769775515635712
8968,train,570309340952993796
9779,train,569670882207129601
11408,train,568137336095170560
8141,train,568735841771597825
7492,train,569568878977794048
13161,train,569925291331735552
11620,train,567867498126770176
6082,train,568273514970501120
14197,train,569655339135725568
2018,train,569473302940372992
12409,train,570197779290697728
9414,train,569945085158264832
13266,train,569900867324932096
6293,train,568078069568839680
4824,train,569697456536965121
7682,train,569346870423769088
7216,train,569880105507540992
7718,train,569310202174025729
4499,train,570200237622611968
5721,train,568779480019251201
5985,train,568446450700558336
6289,train,568080061372502016
5501,train,568944054303625217
1973,train,569499431369891840
12757,train,570034368086827008
5763,train,568629791869394945
13487,train,569850912451072000
14566,train,569598406181695488
12506,train,570139793608175616
8544,train,568176138574372864
14134,train,569662896344592385
3529,train,568295728272900096
9293,train,570000760035024896
11423,train,568128399035772928
2704,train,568949545972961280
11784,train,567761144190746625
141,train,569616490380439552
1485,train,569701607144693760
10055,train,569555930028748800
14272,train,569643344462262274
12681,train,570064025918115840
6831,train,570218339118800896
9825,train,569650547562811393
8979,train,570304445336178688
12562,train,570102669299351553
10930,train,568778215671664640
14114,train,569664878434254848
2176,train,569328755409326080
6981,train,569967159549534208
10673,train,568994696980238336
5474,train,568958697856040961
7404,train,569624091646431232
9559,train,569878117583622145
6490,train,567819541939494913
10719,train,568947358349701120
1838,train,569562133249130496
8044,train,568840506148573186
13194,train,569917117576949760
2902,train,568836728716333056
1920,train,569520425312632832
3712,train,568176902801735680
3648,train,568206570540163072
12511,train,570136706877272064
11896,train,570305234838429696
7226,train,569867719874650112
5617,train,568856987632603136
2990,train,568805751386288128
13251,train,569906117100351493
11081,train,568526809387544576
1727,train,569615215144226816
4709,train,569910583694196736
3169,train,568617891412574208
12131,train,570280637946421249
2071,train,569390507526369280
3554,train,568272688273174528
5212,train,569257918815539200
56,train,569996245462159361
2088,train,569374127187820545
11015,train,568615362960293888
10439,train,569305239834136576
13430,train,569865357625851905
5629,train,568850515309826048
1635,train,569639823734128640
10064,train,569552945324273665
8998,train,570294237348143104
9324,train,569985084348104704
11782,train,567761568889581569
12259,train,570249440176570368
10551,train,569191270654070784
2269,train,569283956484415490
2643,train,568973634087165953
12192,train,570265876911403009
9855,train,569638678194040832
12036,train,568551906634797056
13621,train,569795284764532736
4545,train,570042186399657984
3991,train,567886700275310592
2613,train,568995256525398016
2363,train,569244202225307648
974,train,569982678558048256
10181,train,569504813915832321
4034,train,567862181208805376
14142,train,569661852235509762
12885,train,569991566087073792
2445,train,569202773704646658
9584,train,569865637666930688
13347,train,569884644893532161
11233,train,568386094875738113
9030,train,570276878788861953
5073,train,569369185559699456
3635,train,568217304259010560
3253,train,568568593262231552
3925,train,567962289460137984
11295,train,568231913040814080
10373,train,569345076406693888
12583,train,570097604182351872
7640,train,569479008708120576
9850,train,569640733466103808
14583,train,569595791355981825
8737,train,567887437826908160
12723,train,570045461077352448
9505,train,569899859995693056
8306,train,568502226597101568
7900,train,569036471232892929
10438,train,569306871242366977
11765,train,567771635139502080
5326,train,569192081618370560
7295,train,569683696422244352
1593,train,569651548881465345
13616,train,569799053690556418
2792,train,568898784861814785
5517,train,568928486188032000
13683,train,569749507623120897
11474,train,568081558625759233
2358,train,569247182337019904
1151,train,569913595762311168
8169,train,568640650129731585
5825,train,568571021554556929
13711,train,569739154600300544
10349,train,569357810867138560
8420,train,568394078817267712
12113,train,570284862122233856
6229,train,568107719737020417
3022,train,568795018816675841
6634,train,567750589040181248
5427,train,569085417045143552
1132,train,569918327767879680
9086,train,570236495367315456
3437,train,568438982301917184
9461,train,569923242015764480
9455,train,569929134639611904
14031,train,569675774627848192
451,train,567908796917420032
8714,train,567910969856229377
9067,train,570255224155348992
11894,train,570305365159632899
9645,train,569758821310017536
7895,train,569075196117839872
7801,train,569236124192931840
2894,train,568844078730727424
3590,train,568249421877653505
622,train,570245996334190592
4463,train,570236169310437376
15,train,570282469121007616
4269,train,567741700597366784
6123,train,568209603332214784
11594,train,567903480993558528
10134,train,569525690615205888
887,train,570035728832446465
4491,train,570207643874123777
5593,train,568880030123745280
13216,train,569913149505163264
9909,train,569621210746789888
12528,train,570123872168574976
13639,train,569784699117137920
9295,train,570000158454353920
2402,train,569227342675116033
4667,train,569950945389518848
13008,train,569961398890991617
13658,train,569768294648905728
7953,train,568932129872039936
7851,train,569184255399620608
11103,train,568501367754661888
6319,train,568056741885288448
9406,train,569947283846004737
13087,train,569942200735424512
241,train,569197515993534464
7495,train,569566511184125952
7038,train,569948686228295681
7584,train,569525684864983041
12022,train,570267592478191617
1443,train,569716558487904258
2528,train,569128289178152960
5081,train,569358701317869571
672,train,570204900375687168
8063,train,568823136600371200
8967,train,570310144459972608
13976,train,569683183161233408
14122,train,569664191574859777
210,train,569247394002563072
12370,train,570216815105847296
10618,train,569120452586700800
4643,train,569967938607972352
10599,train,569143704109215745
8412,train,568411980542775296
13545,train,569836467876470784
4692,train,569927965007417344
1494,train,569698788216049664
6505,train,567812544099827712
13327,train,569889833297915904
12978,train,569969599711571968
9092,train,570231607757381632
12083,train,570297479029252097
9265,train,570015794387685376
10315,train,569373631999926272
9517,train,569894983265710081
9833,train,569648534569361408
2068,train,569397314240049152
8969,train,570309000279023616
7361,train,569645522363011072
11136,train,568483559532568576
9571,train,569870442388983808
8333,train,568475439460515840
6333,train,568054330550587392
1818,train,569570444027822081
8731,train,567894002286096384
8913,train,567755768037130241
9288,train,570004421352001536
5007,train,569551863260913664
9485,train,569910441423417345
11636,train,567859714169708544
8815,train,567825891209912320
6189,train,568146404784209920
14082,train,569669669948424192
12234,train,570256852166029312
6846,train,570197146894520320
6263,train,568087881387884544
12257,train,570250236402094080
10075,train,569546689943482368
5200,train,569260462606569473
5039,train,569504763957653504
10252,train,569456828511326208
13225,train,569911501626028032
10606,train,569135011322064897
12944,train,569975113694760960
13846,train,569702549491752960
4523,train,570068976778153984
6499,train,567814300594769920
2725,train,568931996891807744
8322,train,568487688510287873
13064,train,569948758118526976
6425,train,567866673325285376
6890,train,570058565974675456
3456,train,568428971504889856
14154,train,569660501526859776
14472,train,569610871934205954
12572,train,570101027439046656
5422,train,569100490027499520
7364,train,569644634386911232
1349,train,569791792029151232
5952,train,568464337146404864
13571,train,569826633152110592
5444,train,569008329038524417
9798,train,569661113593425920
4743,train,569884616649269248
7468,train,569580460843651072
13437,train,569864778702671874
3709,train,568177521327509504
8943,train,567729368110096385
3820,train,568100858954522625
11178,train,568454321219596289
2918,train,568831929102913536
13499,train,569847223829307392
6767,train,570291699731308545
8218,train,568601051584196608
14143,train,569661761449791488
1,train,570301130888122368
7330,train,569667821455708160
8251,train,568558484653883392
9346,train,569972250385862656
14523,train,569604330229092352
5678,train,568813634152849408
4769,train,569851178982338563
13686,train,569747280552538112
14040,train,569674725623926784
12512,train,570136130126897152
10900,train,568791243800473600
13346,train,569884754281046016
7148,train,569925511394119680
12956,train,569973504390639616
14388,train,569622243526909952
4802,train,569714755838935040
11664,train,567841818357964800
3187,train,568608136485056512
6572,train,567774100299739138
3163,train,568624487031132162
7129,train,569927506112815106
5481,train,568953190252544000
487,train,567770107062284288
14298,train,569640139288412160
6482,train,567823930985091072
11994,train,570275010759102466
3724,train,568167900919382017
2058,train,569416650325303297
4096,train,567824229296566272
14066,train,569672003403313154
3985,train,567891481555382272
13195,train,569916664130637825
7768,train,569262534232039427
11219,train,568410282298621952
11085,train,568522861205266432
10212,train,569487317917958144
10521,train,569229557468827648
12391,train,570204435663581184
4634,train,569971775011999744
323,train,568643040073506816
866,train,570045020402626561
316,train,568775898234798081
4520,train,570073365265944576
8113,train,568778553933889536
4280,train,567735204656066560
3575,train,568258906159501312
13663,train,569764857991467008
7902,train,569006801192161280
2510,train,569152740414218240
1940,train,569513049507246081
193,train,569298165855338497
14558,train,569599379893575680
14231,train,569650182331084801
9227,train,570048851295383552
8816,train,567824260207738880
10158,train,569516370506993664
2478,train,569179721549914112
8571,train,568157491927896064
8879,train,567776348828360707
8733,train,567892715603652608
6866,train,570083989601411072
7863,train,569154503188070400
14602,train,569592778872606720
11820,train,567736505477918722
8215,train,568602015456215040
4032,train,567862586374529026
11792,train,567757851104641024
11480,train,568079446592385025
6781,train,570280776849346561
12820,train,570008661885526016
9714,train,569700068476866560
6865,train,570084632999428096
13331,train,569888397205962753
155,train,569574973662232576
12660,train,570070483338731520
6023,train,568432260912959488
10104,train,569535820270583809
12538,train,570121689503301632
13555,train,569832383991525377
6848,train,570195036782133248
5374,train,569160924960919552
13828,train,569706873525391360
470,train,567807967706488832
3260,train,568564799593820161
12585,train,570097483432337408
14133,train,569663325383979008
736,train,570108801711341568
2095,train,569369243965362176
13731,train,569732365968404480
8986,train,570300325917270018
12683,train,570063451143462913
11920,train,570298117544906754
1748,train,569604985110994945
8485,train,568212538778906624
9969,train,569597857013084160
11948,train,570287747643998208
11918,train,570298371140939776
5856,train,568543722943614976
10348,train,569358953567670272
1895,train,569531274991239168
512,train,570302375510056960
8624,train,568101513605681152
12104,train,570290034009636865
6422,train,567869273109958656
852,train,570051265373171712
11908,train,570300915418320897
3809,train,568109565796958209
7542,train,569538127016144896
11835,train,567732265888006145
7323,train,569670228713578496
4895,train,569667401769459712
1005,train,569967841727942657
9277,train,570011533205336064
4193,train,567787240399851520
5507,train,568938023439765504
167,train,569477692166316033
6094,train,568240355772108800
7188,train,569904537739382784
12799,train,570017101097934849
8351,train,568444650903748609
13202,train,569915269767757824
14367,train,569626787875053568
6380,train,567899319157669888
1470,train,569707473973739520
7157,train,569924418320740352
10081,train,569544122098446337
13758,train,569721721944735744
8735,train,567891805867483136
2922,train,568830888089423872
3672,train,568192024026996736
7740,train,569287489883500545
11807,train,567747769176432640
1805,train,569578005430984704
1261,train,569863714704220160
13003,train,569962901601005569
8486,train,568211991757770752
3199,train,568601750074236930
11975,train,570279220502511617
13887,train,569695357858238464
797,train,570078894008594432
11431,train,568118361701265408
3956,train,567919558649995264
2356,train,569248000456970240
9899,train,569623190730887168
3115,train,568659661861175297
6193,train,568141111601926145
5829,train,568567255291703298
3134,train,568648940033343488
2972,train,568810866830913536
12058,train,570305063052283904
3930,train,567951376480907264
6347,train,568041723642961920
8978,train,570304740279640064
3442,train,568437120966258688
3866,train,568067622698291200
13058,train,569950510981083136
1955,train,569504330551861248
1484,train,569702566126325760
8450,train,568244401308184576
11596,train,567897883875217408
13746,train,569727727881682944
10324,train,569371393294344192
9188,train,570078102551834624
11296,train,568230023251042304
8335,train,568474960097878016
13864,train,569699455919726593
11352,train,568175282919739392
8448,train,568246340246999041
10192,train,569495664729726976
14429,train,569616934225846273
10923,train,568781427636092928
6835,train,570212129313316864
6233,train,568106704866582528
13485,train,569851855917830145
4623,train,569976092359917568
12599,train,570092677196181507
12378,train,570213186139525120
12600,train,570092530236149761
11873,train,567712600772050945
7174,train,569921385100750849
9780,train,569670708818780161
11394,train,568144060248170496
2866,train,568855505747095552
14147,train,569661509988708352
3904,train,568023874970861568
2983,train,568807894264578048
2004,train,569480043853946881
2759,train,568917611565592577
10493,train,569252020474896385
9711,train,569702009751916544
4509,train,570103012380667904
6675,train,567737554087059457
4291,train,567731738924032000
14111,train,569665225940709376
8391,train,568427942382071810
5594,train,568879053496655872
8523,train,568192942088843264
1164,train,569908759125991424
13741,train,569729569428627456
6989,train,569962417876131840
2856,train,568860978231709697
7327,train,569668818253053952
13689,train,569746288499138560
7743,train,569283532167757826
4177,train,567793423248547840
8972,train,570307605631012864
14378,train,569624713414250496
9389,train,569959365236690945
3252,train,568568938960805888
9693,train,569716449704587265
3369,train,568491094327078912
8641,train,568091027774545920
6090,train,568258896038506496
833,train,570058986025672704
14002,train,569678749056294913
841,train,570055700790931456
3261,train,568564757172764672
9374,train,569966073304522752
12517,train,570132715577552896
1667,train,569630959718551552
209,train,569247769166266368
654,train,570225191458111489
3519,train,568332024802447361
2083,train,569379756673597444
4651,train,569957516748066817
14526,train,569604176960827392
10112,train,569532924036407297
8223,train,568589127290998784
13035,train,569955122819817472
13361,train,569881463233097728
14063,train,569672329321701376
2218,train,569310115377102850
7725,train,569305409925873664
1861,train,569548316700254208
10717,train,568947860424642560
1037,train,569956201934385152
5675,train,568818517694402561
2039,train,569444898660691968
13564,train,569829960178905089
6885,train,570061375592136706
14440,train,569616019708182529
42,train,570016304284901379
7019,train,569953259479277568
7915,train,568983580585517056
4123,train,567814001212809216
1219,train,569879623317659648
10705,train,568961160357285889
6681,train,567735667879575552
5275,train,569221337077587968
3487,train,568385303267782656
7204,train,569889547162669056
1850,train,569555174252896258
7612,train,569506408145784832
3721,train,568170198433460224
11363,train,568170119664443393
10240,train,569466525297590272
7004,train,569959200891252736
11751,train,567778512548167680
9843,train,569644694759714816
6149,train,568180710252646400
5114,train,569335624056090624
6297,train,568076399166140416
12389,train,570204972589002752
13953,train,569686478046887937
13307,train,569892361691463682
6804,train,570245603118211072
3403,train,568464076122279937
9801,train,569659646916440065
14152,train,569660648738697216
6606,train,567760797062152192
1372,train,569753797704024065
7757,train,569273785553178624
1339,train,569813373413687296
8432,train,568335451741749248
722,train,570122958695477248
6877,train,570068045500194816
14132,train,569663351124422656
1825,train,569568010555432960
3509,train,568354331503828992
5315,train,569204038811717632
9882,train,569627079458865153
12843,train,570002186991763457
6624,train,567753194546421760
10800,train,568863902106320896
9012,train,570286925556424705
7164,train,569924092280774656
4404,train,570270166166183936
1439,train,569717327966691330
3583,train,568252909231738880
9608,train,569832968954499072
13697,train,569743129928028160
13866,train,569699154965827584
8267,train,568545438976102400
12969,train,569971998572589057
9219,train,570056859698270208
9319,train,569985838689456128
5448,train,568999279936679937
6503,train,567813060027772928
10582,train,569163241781403648
3082,train,568716388866629632
14527,train,569604173236477952
2258,train,569293295655866369
3631,train,568223557806915585
3303,train,568539224770637825
12791,train,570021054015541248
9278,train,570011088508604416
7036,train,569948808320315392
14619,train,569590988395708416
11201,train,568438860390244353
11402,train,568139479237525505
9497,train,569905899650883585
1100,train,569927842173050881
2,train,570301083672813571
9964,train,569599532268449792
4259,train,567745362727686145
207,train,569248437050302464
13044,train,569952929756672001
13597,train,569810928449003521
5882,train,568520773444308992
14437,train,569616283706077184
11705,train,567804700951855104
7283,train,569692158287962112
2178,train,569328072027189248
5263,train,569226128168062976
13903,train,569692610543005697
5439,train,569020255441264640
1789,train,569584561312681984
100,train,569894407001939968
5518,train,568928195581513728
3005,train,568802013196242944
8684,train,568027443052720130
9705,train,569706041673322498
12750,train,570037969819545600
6163,train,568170493544673280
2189,train,569322657822285824
12106,train,570288809532891137
6693,train,567731712004595714
7161,train,569924117719199744
10742,train,568914125549649920
4231,train,567765558393700352
11067,train,568541965060427776
2165,train,569332086345220096
2289,train,569275430311751682
11709,train,567803049130094592
12407,train,570198522911436800
2276,train,569280669593038848
13867,train,569699091367665664
8085,train,568801701378928641
7049,train,569947476830101504
13709,train,569739695459995648
13965,train,569684820604817408
1731,train,569613554963369985
9991,train,569587844693536768
9081,train,570242191685234688
3493,train,568380045431058432
13941,train,569688392553799680
14242,train,569647146712113152
3700,train,568180768804978688
14545,train,569601337882755073
6374,train,567907070269198337
3229,train,568582403670851584
6483,train,567823459276877824
10462,train,569278041165324290
5478,train,568956596862066688
7529,train,569542242983124992
386,train,568391084210036736
5958,train,568458879220076545
8451,train,568244170848137217
12480,train,570172301163008000
2057,train,569418233322872833
12825,train,570006834674835456
189,train,569304436612444160
7577,train,569526894028197888
1252,train,569865540098871298
4470,train,570224618272731136
2954,train,568817350864023552
11708,train,567803306928775168
8046,train,568839278681174016
7990,train,568898792247992320
8623,train,568101669809946624
6467,train,567830627219939328
5283,train,569216546779705344
565,train,570275462921850880
3045,train,568778028773347329
1051,train,569951321719091201
2303,train,569269140386488320
12913,train,569981899332059136
3071,train,568736451237707776
1273,train,569857801725440002
7048,train,569947514633191424
10457,train,569281170996891649
10059,train,569555413450027011
8664,train,568059376474439680
14387,train,569622366768078848
11735,train,567788578026311680
3729,train,568166027726434304
6961,train,569985299448795137
7217,train,569879547908206592
3749,train,568155289146363904
14633,train,569587705937600512
3328,train,568525567575744512
13630,train,569788202174713856
13415,train,569868478435487744
9540,train,569884559380238336
7598,train,569516908195815425
1137,train,569916324471828481
7618,train,569503518224211968
2761,train,568917261869674497
10948,train,568769725175435264
11493,train,568073191068794880
9358,train,569970186431959040
4222,train,567767439493300224
11613,train,567878696356433920
9479,train,569913838746742784
9551,train,569881123741937664
3455,train,568429641699954688
4304,train,567724189872697348
3066,train,568751950935691265
2259,train,569292823805042688
5514,train,568929652003217409
3259,train,568564957740175360
3035,train,568786745715757056
422,train,568119079371997186
9176,train,570083548364992512
2217,train,569310249859080192
10583,train,569163008309657600
454,train,567873698679623680
10695,train,568969040133165056
947,train,569995897234288640
14498,train,569606374591746050
7386,train,569630160233873411
3225,train,568584104641368064
2329,train,569258013950808064
2504,train,569159333499576320
7645,train,569462004332646400
12553,train,570109867031191552
7774,train,569254571622727682
8323,train,568487677114363904
7833,train,569215076655214592
8807,train,567831392526036992
6948,train,569998019694866432
4262,train,567745009890623488
3043,train,568779794902614016
10175,train,569506974930481153
10793,train,568870841120731138
7956,train,568930822952103938
4121,train,567814121870348289
14000,train,569679210454724609
10588,train,569158030404800513
9582,train,569866081164111873
13012,train,569960667140235264
10144,train,569523377842606080
1803,train,569578942543372288
13276,train,569897733466628097
2748,train,568921625715814401
8901,train,567763818257063937
332,train,568604690767872000
13611,train,569800909942886400
2481,train,569177080014901248
10828,train,568841635049533440
13206,train,569914848991010816
8750,train,567873229055991808
14088,train,569668644529147904
4385,train,570277008216870912
1209,train,569886219057926144
3239,train,568574762433138690
7617,train,569503983623999488
7736,train,569296877902041088
13868,train,569698963428925440
12086,train,570296996445204480
1375,train,569751096580812801
8317,train,568490190194515970
11762,train,567776148864913408
5319,train,569202179476754432
868,train,570044554130423808
5389,train,569152201278525440
3618,train,568231529823891456
9903,train,569621714046455808
8745,train,567875922906456064
5195,train,569262517333196800
6690,train,567733656106459136
10476,train,569263908973903872
11080,train,568527545097805824
4077,train,567833666925121536
9080,train,570242452092813312
12420,train,570193870769811456
6797,train,570264106059624448
2169,train,569330919020093442
2414,train,569219701001179138
2988,train,568806118660673536
10460,train,569278421743878144
14320,train,569634828641034240
10114,train,569532711787892736
12781,train,570025681062633472
6561,train,567778453006655488
1071,train,569936640669581313
13407,train,569870130169163776
9308,train,569990010067423233
12580,train,570099562548834304
2401,train,569227372223811584
7817,train,569230515833856000
6972,train,569977517945126912
1476,train,569705813142409217
2981,train,568808470536962048
6414,train,567873196730421248
3894,train,568039503602065408
14431,train,569616699604934656
12258,train,570249520736374785
10644,train,569016660927123456
3666,train,568195829238005760
8519,train,568196150718824448
5128,train,569321988591906818
1058,train,569946703522091008
9688,train,569717336959160323
9658,train,569752107730890752
13770,train,569720168160428032
10516,train,569237783715422208
257,train,568977175149293570
8747,train,567874858815733761
5232,train,569244182155534336
12685,train,570063107701272576
6970,train,569978537953902592
11486,train,568077090656002048
1548,train,569667955727818752
1981,train,569493640990625793
8566,train,568159714737049601
6368,train,567921252901367808
11137,train,568483338257895424
11649,train,567849500536152064
2097,train,569368523178270721
10759,train,568902419972694016
4156,train,567802653078728705
7243,train,569836232999612417
14277,train,569642766407483392
5820,train,568573057184473089
7299,train,569679888682061826
89,train,569919041244147712
11733,train,567790175813681153
3557,train,568271533782622209
4843,train,569684982366666752
12996,train,569964493066919936
2294,train,569273451564785664
2727,train,568931759150084096
4458,train,570244762785210368
14078,train,569670286418841603
361,train,568483491819753472
12499,train,570146091141722112
13537,train,569838466697175040
2686,train,568955124300820480
328,train,568626625857728513
8749,train,567873801653997569
6050,train,568413356492599296
8270,train,568542819788451841
2640,train,568976065210806272
14533,train,569603127223066624
9066,train,570256300556165122
3874,train,568061931761864704
3052,train,568769786890424320
7414,train,569621744295682048
10042,train,569558986665537537
1481,train,569703875390918657
2522,train,569139586124910593
5094,train,569348678911021056
14360,train,569627770613063680
3892,train,568043126775943168
9234,train,570044019897556994
14038,train,569674883099205632
6743,train,567655489119326209
12184,train,570267562623152128
14223,train,569651226280751105
4893,train,569667638651170816
585,train,570267915154538496
10994,train,568632534117908480
368,train,568463244035289088
7237,train,569851605358669824
11018,train,568608665072246784
9530,train,569890309624082432
1974,train,569497995445559298
14432,train,569616586178301952
8708,train,567918173992910848
7751,train,569275554110664705
13805,train,569714439517138944
5246,train,569234280632754176
4148,train,567804951288901634
183,train,569318130356502528
976,train,569981034110050305
2000,train,569481676893622272
8499,train,568205181990637568
4456,train,570245656972894208
7547,train,569535647704354816
7355,train,569647396940075008
6964,train,569984229393637377
8906,train,567758927111401474
13294,train,569895082402295810
13713,train,569738877969129472
428,train,568100090390425600
8754,train,567872361304821760
12703,train,570056002692710400
9761,train,569678632567881728
11910,train,570300262302289920
3845,train,568085949663584256
8563,train,568161493981794304
3277,train,568558728263254017
1996,train,569484671672651776
13229,train,569910943720669184
59,train,569989504431316993
10051,train,569556807703764992
10499,train,569248250424918021
5417,train,569115621213884417
2142,train,569340645023698944
3788,train,568123268231602176
11883,train,570307434113310720
5402,train,569143215405674497
10509,train,569241970662645762
8503,train,568203438099529728
12243,train,570253932880007168
7749,train,569275935905722368
8308,train,568501157452230656
6298,train,568076081665679360
2914,train,568832682269888512
10009,train,569577696793006080
3228,train,568582924729073664
13152,train,569927442657386496
10538,train,569212376421158912
12773,train,570030165788459010
3606,train,568237654606680064
9701,train,569709103188197376
5874,train,568531020267458561
8313,train,568492016587436033
679,train,570197589280366592
10116,train,569532394455359488
5060,train,569482497496473600
1243,train,569868818975219712
5830,train,568566331169247232
13921,train,569690711026573312
7232,train,569861557775163393
7965,train,568921315069042688
3774,train,568134243177463815
12714,train,570049704618299392
13075,train,569946475163033600
9339,train,569976124278640640
9153,train,570108377029685248
10666,train,568996536555851776
7196,train,569894012800217088
5337,train,569181243385909249
1703,train,569620002652889088
14329,train,569632584424153088
7493,train,569568357030232066
13937,train,569688822486847488
8152,train,568676137699651584
13907,train,569692012456181760
12459,train,570179344833708033
11557,train,568006455317667840
137,train,569625609799774208
740,train,570106717490393088
2578,train,569027718626480128
4111,train,567819066708226048
11392,train,568150818572144640
13173,train,569921001301024770
6638,train,567749848074813442
8124,train,568761693997674496
11235,train,568384147464568834
7939,train,568960315888668672
1036,train,569956446487642112
4312,train,567701830805618688
9781,train,569669921258409985
10188,train,569496193249767424
448,train,567971836321009664
2644,train,568972990039265280
9302,train,569992620744708096
6547,train,567784912011689984
6915,train,570027259999821824
11685,train,567819606904295424
12103,train,570290220589027328
14216,train,569651818453708800
5408,train,569133987668623360
1070,train,569936861398994945
6665,train,567738743491411968
2161,train,569335521752715264
9921,train,569614672061575168
1681,train,569626849183035392
13249,train,569906446881697793
7928,train,568968059517411329
4768,train,569855106583281664
6252,train,568094319766147072
5562,train,568893453515378689
4610,train,569980827209207809
6701,train,567728698900488192
13960,train,569685890349404160
12437,train,570187686213918721
3574,train,568259593773518848
1954,train,569504366006132736
12450,train,570182054987505664
9210,train,570061033253023744
12474,train,570175182012174336
2740,train,568926321369153536
9139,train,570156777297350656
533,train,570291813912858625
12055,train,570305365159632899
7625,train,569497959932530689
5612,train,568861568609456128
3158,train,568625959835815936
10449,train,569290509883187202
14233,train,569649712996823041
13643,train,569780060523261952
5172,train,569282410170314753
7657,train,569394918675783681
13321,train,569890651107491840
3033,train,568786817404817408
11070,train,568540062306181120
11339,train,568194427904069632
7080,train,569939458965032963
3391,train,568469807189790720
6265,train,568087614303166464
7023,train,569952340612149250
8546,train,568174545854726144
476,train,567806872410161152
13598,train,569806083981758464
10567,train,569176528338202624
7392,train,569628159085301760
7419,train,569620598307074048
9065,train,570257107737571329
3565,train,568264441906618368
11303,train,568224769872502784
7416,train,569621047353450496
6984,train,569965774498095105
10328,train,569368532242145280
4986,train,569576624158437376
6949,train,569996914546094080
6383,train,567897629364850689
2348,train,569249933271965696
5136,train,569314535103983617
8830,train,567810786576576512
12840,train,570002432375148544
6765,train,570291828349669378
12164,train,570271896887017472
12790,train,570021225323298816
9646,train,569758649112854529
6740,train,567686758708817921
10526,train,569225958495952897
6512,train,567809695260639232
6532,train,567799932897210368
9762,train,569678568692719616
12836,train,570003097554006016
14522,train,569604354703020032
9975,train,569596034059358208
10165,train,569512132494159872
290,train,568847512372514816
90,train,569915941192015872
8834,train,567808748711051264
1768,train,569593910869127168
1018,train,569963935429824512
308,train,568802396907835393
2840,train,568873730182504448
14079,train,569670155132907520
13045,train,569952639116447745
10331,train,569366960871333889
12975,train,569970775517741056
5236,train,569242715759779840
7576,train,569526960268963840
8773,train,567856400522563584
5290,train,569211553930743809
5330,train,569186177238110208
14283,train,569642145977479169
9616,train,569820790905970688
7111,train,569935592651411456
10172,train,569507632509267968
11498,train,568069549591035904
791,train,570079699595980802
10941,train,568774317410009088
2250,train,569296784922578944
11854,train,567728017196457987
13522,train,569842758967386112
13520,train,569843331930263552
2062,train,569411383265075203
8800,train,567837218628362241
10200,train,569492459258056704
8601,train,568126722903814144
2601,train,569007629868998656
14629,train,569588591602458624
14292,train,569641551116177409
13717,train,569737397350461440
3880,train,568057046303576065
10003,train,569581400850096128
8971,train,570308156699611137
8514,train,568198666613338112
10777,train,568883826333777920
2031,train,569457148129779714
2086,train,569378568628674561
10232,train,569472446954389504
4960,train,569604198033170432
10732,train,568930588868141056
4435,train,570257480401469441
9320,train,569985813712392194
8540,train,568177882620661760
5238,train,569242665956610048
5810,train,568581908075933696
4125,train,567813037454917632
12176,train,570269280748441601
10911,train,568788652995833856
727,train,570119247982137344
2380,train,569237356622024704
7005,train,569959122331836416
8893,train,567769131663884290
10708,train,568959665360384000
12303,train,570239463089000449
14182,train,569657850856919041
12699,train,570057784114302977
5916,train,568490268271484929
4381,train,570279812922789888
9076,train,570247763704868864
8764,train,567864588521381888
13895,train,569693713087082497
9625,train,569777311475765248
7321,train,569670844047192064
12601,train,570092218058346496
5124,train,569329014826864640
12739,train,570041195113492480
12428,train,570191763731841024
13747,train,569727628766281728
12107,train,570288282413633536
4205,train,567778606546694144
4130,train,567811376686637056
8504,train,568203327965696002
4747,train,569880788612866048
11202,train,568438645591384064
4094,train,567824276414558208
5353,train,569171003852468224
2285,train,569276207696453632
12613,train,570087305320357888
5512,train,568929782286516224
1081,train,569935215654600705
1633,train,569640141989552128
5187,train,569271529386745856
7836,train,569204185318723584
12364,train,570218829546024960
9345,train,569972447329574912
8344,train,568460351873937408
8632,train,568095961408507904
1670,train,569629990129520641
10406,train,569328005677494272
3828,train,568094839063089153
3173,train,568615812594077696
10040,train,569559311095095296
13256,train,569905052447592448
1536,train,569676871744364544
5469,train,568967580595064832
14081,train,569669795559432192
6099,train,568233937761230848
3686,train,568186573965172736
11343,train,568188243713372161
5072,train,569372333267394560
11288,train,568239978276360192
11383,train,568156002941415425
1149,train,569914369905201153
9055,train,570265609122029568
13811,train,569713615047168000
11435,train,568116602186502144
11867,train,567724133434535936
8703,train,567935527481188352
13821,train,569709793000210432
6367,train,567931567881875457
11744,train,567781757274292224
214,train,569237252154372097
638,train,570234996562112512
7498,train,569564666013163520
9560,train,569876325588197377
2538,train,569116399039344640
5281,train,569218789834821632
12505,train,570141242769559552
3004,train,568802044309430272
11390,train,568151138421207040
13124,train,569934457215410176
7122,train,569929414491779072
5453,train,568988406476189696
13262,train,569903056403505152
1560,train,569665258605842434
801,train,570076814585913344
8095,train,568797557914148865
6086,train,568267732556255232
3544,train,568278936561401856
2230,train,569305546819571712
6991,train,569961886046760961
5904,train,568495464015929344
13222,train,569911783596560384
9521,train,569894035797753856
8746,train,567874970463780864
2191,train,569322372995551232
5406,train,569138500626292736
12905,train,569983967467868161
7713,train,569318653792948226
5215,train,569255845394952192
10716,train,568948170060746752
12753,train,570036463729020928
14010,train,569678065422311424
14026,train,569676250312249344
8125,train,568760613792579584
4022,train,567869009661665280
8028,train,568857976733376512
4360,train,570288799860846592
3249,train,568572666178883584
519,train,570298918971576320
13191,train,569917442455175168
10925,train,568780741909319680
11042,train,568583191260483584
13123,train,569934458364813313
6223,train,568111588546375680
10981,train,568640966866935808
5113,train,569336246474022912
9487,train,569910335353851904
4333,train,570304178314190848
14397,train,569621367806664705
2415,train,569218838190907393
11489,train,568075902493593600
1896,train,569531010167250944
2439,train,569207193377107968
274,train,568901823215448064
3633,train,568218887973703680
1445,train,569716101027745792
2003,train,569480220203474944
6887,train,570059496300548096
2991,train,568805571647942656
7793,train,569239947061927938
8320,train,568489124098924546
12261,train,570249159179145216
11026,train,568605590735294464
14408,train,569620440613826561
2124,train,569353669738688512
5130,train,569318991224803328
11551,train,568018287302447104
148,train,569596445680115712
10488,train,569256468198924288
11592,train,567904569679880192
4055,train,567848374113693697
10002,train,569581828258078721
714,train,570144025451339776
9557,train,569879100971753472
10132,train,569526029859094528
16,train,570277724385734656
3210,train,568594180014014464
12526,train,570126389279662080
6098,train,568236231374581760
11858,train,567726594698264576
680,train,570196530566701056
1231,train,569875203473297408
6731,train,567715682918227970
9236,train,570043569605648385
337,train,568577243200376833
11961,train,570282555057909760
7473,train,569577794910490624
3311,train,568535677027028992
5566,train,568892047559503873
10453,train,569289098944507904
10536,train,569217342380445696
10665,train,568996669167181824
4274,train,567738192426590209
2751,train,568920314073260032
2280,train,569278347441799169
5821,train,568572506300243968
2222,train,569308255966666753
4884,train,569668853849919488
6343,train,568047468384002048
7356,train,569647169084526593
9791,train,569666501504073728
12546,train,570115988714164225
13936,train,569688901922615296
11598,train,567897182545686528
520,train,570298455068971008
8650,train,568080730150076416
5588,train,568882182686707712
11823,train,567735186881003520
7958,train,568929608566837249
7182,train,569909756493746176
1438,train,569720394782875649
8569,train,568157857151102976
3996,train,567884863031762945
13257,train,569903268312125440
5490,train,568948848263081986
4574,train,570008612426289153
12125,train,570281854139572225
10843,train,568826425538519041
105,train,569887049446076416
3898,train,568036095088160768
13676,train,569754550187352064
10147,train,569522820725788674
6382,train,567898186414710784
13269,train,569899836063019008
4069,train,567839160779730944
10802,train,568862839340961792
2100,train,569367983065137152
14410,train,569620202045841408
13083,train,569943700010172416
6580,train,567771317705773056
3733,train,568164374248067072
9895,train,569623415767871489
3398,train,568466895554408448
10748,train,568911270566608896
9244,train,570030590466121728
6791,train,570267929322921985
9230,train,570047737347088384
748,train,570102725842575360
4074,train,567835857929035776
2002,train,569480693782339584
1188,train,569901679975522304
11088,train,568517827482685440
13392,train,569874879794831360
7031,train,569949718832398339
309,train,568800805475782656
13089,train,569942084393824256
3678,train,568189949415170048
8395,train,568426489055719425
5147,train,569308881438052352
7849,train,569187541120724992
4236,train,567761476338073600
8640,train,568091845848231937
3665,train,568198349393768448
10519,train,569234264153174017
14363,train,569627200133197824
6089,train,568260044896243712
9885,train,569626841046224896
505,train,570307847281614848
5975,train,568450643175866368
4109,train,567821133245067264
10625,train,569114772211437568
2610,train,568999888043638785
3673,train,568191963838746624
13324,train,569890192338735104
13394,train,569874098035142656
3342,train,568511969335984128
11197,train,568442492569456640
12271,train,570246895530078208
12569,train,570101395698941954
13578,train,569821659097477120
12023,train,570267562623152128
10420,train,569319723889876993
13470,train,569855205187190784
7923,train,568973348840943616
10702,train,568963705439789056
11465,train,568089253424594944
12669,train,570068449646346240
12328,train,570229222662410240
13208,train,569914641414905856
13691,train,569745801121009664
3710,train,568177321724620800
11732,train,567790572833103872
8183,train,568631243228762112
467,train,567812402764374016
12471,train,570175858469515264
12312,train,570237238631669763
8556,train,568168505998229505
3009,train,568801442770743296
10914,train,568787210188812289
55,train,569996412286582784
5732,train,568772614639845377
13418,train,569867943888056320
14614,train,569591540944756737
1585,train,569654946179579904
1464,train,569709452594524160
14235,train,569649222963871744
3722,train,568168661732724736
6203,train,568134211493695488
3962,train,567912190788771840
9451,train,569930403106172928
10242,train,569465299495358466
11677,train,567823045215313920
2780,train,568902492118888448
10219,train,569484638219071488
767,train,570090102195486722
9256,train,570020023630057472
11484,train,568077686507229184
7810,train,569233554242080768
13648,train,569772113378217984
4367,train,570285465145876480
1917,train,569521101736439809
5153,train,569302780013355008
8364,train,568438162369822720
168,train,569461469042966528
8123,train,568762267493249024
2430,train,569212318283771904
7689,train,569344334761316354
5423,train,569099306147454976
14411,train,569620169971998721
10392,train,569337064484962304
13715,train,569738487269756928
3339,train,568514213921947648
13019,train,569958916668305408
10688,train,568974120030875648
1580,train,569657781835460608
13047,train,569951896808464384
3821,train,568100000418250752
9326,train,569984789673078785
5996,train,568440384897966080
10269,train,569419080479875072
10235,train,569470441573609473
2720,train,568934749571387392
5267,train,569225196386660352
1581,train,569657202325229568
1600,train,569648584909434880
1173,train,569906598472228864
14009,train,569678153783877634
10452,train,569289254616076288
6705,train,567727499367682048
7525,train,569543457452064768
10946,train,568770442292551680
9104,train,570222481618948096
3622,train,568228749696577536
7984,train,568905816973172736
7824,train,569228412159721473
11387,train,568153752533733376
13478,train,569852965315584000
8264,train,568547201208565760
3523,train,568308793005617152
9341,train,569975508756267008
11930,train,570295901555699712
9489,train,569909232696483842
12217,train,570261193685749760
4534,train,570056874583654402
4821,train,569698589653344256
10922,train,568781642946490368
13314,train,569891369390632961
9607,train,569833680316829696
3737,train,568161023091478530
4703,train,569919280361414656
11046,train,568574989688901632
10078,train,569544955800264704
2334,train,569256471046823937
11593,train,567904438834167809
11450,train,568106916897034241
4338,train,570302337069264900
13632,train,569787573725491200
1228,train,569875734677712896
4431,train,570260325611630592
2692,train,568953367646625792
455,train,567858317831249920
11841,train,567729700110602240
5169,train,569285269981167616
10031,train,569563148472225794
5758,train,568644929595056128
12157,train,570273819287531520
3190,train,568607013212590080
6215,train,568121659988824064
9857,train,569638381375909889
8330,train,568483098310152193
12237,train,570255773651099648
13348,train,569884462051418112
7064,train,569942703494070272
8230,train,568583737417605122
4565,train,570013108070014976
8677,train,568039128001937408
10214,train,569485322431696896
5659,train,568829652233428992
12628,train,570082819025838080
7977,train,568911101146091520
8657,train,568069392422051841
8173,train,568636400419151873
13150,train,569927843666366464
13459,train,569857805483675648
249,train,569083230361673728
8386,train,568431120032915457
3836,train,568090924141703169
5988,train,568443742610305024
393,train,568265552583479296
13559,train,569831418412429312
9906,train,569621412325023744
6911,train,570037998773018624
12041,train,570308064185880577
8718,train,567905540761870336
781,train,570083063331319808
10803,train,568862320442662912
898,train,570026514923675648
1218,train,569879943988948992
2846,train,568871340498821120
5842,train,568558819959119872
9348,train,569971542538346496
7765,train,569267891721375745
5790,train,568597968405835776
13393,train,569874679973818369
12065,train,570302060035497984
5558,train,568894341243998208
12592,train,570095131967295489
10274,train,569416236171456513
13859,train,569700397884928000
6516,train,567805887319912448
782,train,570082960700870656
4579,train,569998842579566592
4013,train,567873467401371648
298,train,568830133626253312
12954,train,569974234908389376
5047,train,569495331399995392
2790,train,568899252149035008
8288,train,568528982439669761
246,train,569176777056079874
1655,train,569634385823182852
5190,train,569267194028298241
7218,train,569879497891303424
1779,train,569589493138731009
8741,train,567879331810246656
4640,train,569969877286461440
7308,train,569674349734711296
10592,train,569153207148150785
7134,train,569927035524681728
11472,train,568083251866152960
6320,train,568056298937430016
12195,train,570265300685488129
11297,train,568229427286405121
12180,train,570268326250745856
2754,train,568918820632403969
10446,train,569295822006960128
9853,train,569639305016152066
12755,train,570036187815149570
2730,train,568931215149039617
14090,train,569668455202484224
8058,train,568827397103099904
5497,train,568945639834267648
9803,train,569659027073867777
12874,train,569994090147909632
12964,train,569972777593262080
8053,train,568834182694240256
573,train,570271792314617857
5603,train,568873612524032000
993,train,569971394701873153
72,train,569948966873370625
14196,train,569655392931876864
10985,train,568637273945866240
12507,train,570139364178530304
12410,train,570197193254170624
1648,train,569635707746160642
13732,train,569732355067244545
4086,train,567827860280324096
64,train,569986348041547778
3693,train,568184857538498560
3601,train,568240029413163008
14371,train,569626174617485313
4464,train,570229420058918913
8361,train,568440180769746946
2304,train,569267323330129920
12331,train,570227911803998208
8789,train,567846268090740737
7141,train,569926559982751744
1923,train,569517484102909952
2199,train,569318947729887232
5355,train,569170372018499584
11578,train,567916726668644352
5715,train,568782761852596225
10468,train,569273176775114752
7072,train,569940226984042496
3943,train,567931026686767104
597,train,570259632557395968
9351,train,569970977368645632
3356,train,568502210268692480
10661,train,568997237176569856
7035,train,569948928864600064
7376,train,569633562879619073
11742,train,567782686077747200
6271,train,568085970983251968
4461,train,570238577683996672
8477,train,568215628890411009
5181,train,569274600196075520
8748,train,567874505881845760
7935,train,568962000614658048
4712,train,569906668743426048
248,train,569110766235877376
10888,train,568800165886210048
5121,train,569332442194178049
282,train,568868127364096000
13038,train,569954199821275136
12163,train,570271904508092416
7194,train,569898995327377408
1307,train,569839889564307458
8704,train,567930900731854848
2512,train,569149666027294720
6007,train,568437634835595264
8484,train,568213658117005314
13688,train,569746542275354625
6155,train,568177022712676353
7750,train,569275580543320064
5736,train,568768156841308160
10100,train,569537042201194496
11745,train,567781582791278592
7133,train,569927127350407168
4969,train,569596469105299456
13417,train,569868115481395201
8518,train,568196466503770112
11729,train,567791526370365440
5207,train,569259333197930498
11185,train,568449649951907840
2237,train,569302005111508992
14415,train,569619330012463104
11145,train,568481836290220033
3891,train,568046298080923649
4527,train,570064381410734080
13507,train,569846023553720321
10654,train,569007852607680512
6366,train,567933117610074113
1346,train,569804677472251904
11300,train,568228614275260416
13061,train,569949415458213888
5747,train,568755032138469376
7373,train,569634729324122112
1038,train,569956192111316992
8691,train,568014845062332416
1337,train,569814010398273537
10686,train,568977167410802688
10388,train,569337645878390784
12638,train,570080397628825600
9416,train,569944514137362432
2299,train,569272359334453249
784,train,570082243596591104
7578,train,569526559012495361
14206,train,569654204375175169
10316,train,569373375988150272
11848,train,567728860629057537
5462,train,568974008076652545
7704,train,569332001720967168
7671,train,569364648576872448
2823,train,568883108377808896
8905,train,567759774016868352
965,train,569988061150359552
6647,train,567746544536145921
3776,train,568133255410671617
6520,train,567802999880552448
10130,train,569526583473483776
2411,train,569221517298368512
4427,train,570261349172973569
12846,train,570001483472756736
1679,train,569627005852917762
5875,train,568528678671360000
5782,train,568609263485984768
7898,train,569046984369111041
5052,train,569489752732274688
8917,train,567750136223518720
5542,train,568910702070534144
7467,train,569581126215438336
4091,train,567826439392927744
10576,train,569167658698067970
8439,train,568269372151734273
11670,train,567832862130577408
13721,train,569736283326586880
1944,train,569508903735545857
5683,train,568808340387536896
2385,train,569234592420331520
11311,train,568219901359460353
9366,train,569968886227050496
1526,train,569681799984492544
9426,train,569941616649244673
3661,train,568202174917976064
3248,train,568572753403650049
3257,train,568566729992847360
1331,train,569817289874411520
13962,train,569685261518376960
1234,train,569873050117808128
5912,train,568491765910659072
4294,train,567730472076464129
9912,train,569619668060807169
12208,train,570263313306615810
6969,train,569978798906716161
7483,train,569573843825790976
2023,train,569470053348823040
14141,train,569661901468270592
14476,train,569609699152273409
12351,train,570222414400860160
7707,train,569330091857219585
1032,train,569958524270342144
6278,train,568085082746933248
10554,train,569189803746574337
12426,train,570192183766196224
10167,train,569509671213662208
6227,train,568108322924191744
7340,train,569661069913821184
9385,train,569960024455454721
11941,train,570290334158225408
8027,train,568858899438178305
3974,train,567895319951835137
4807,train,569709058636320768
6517,train,567805714216792064
2343,train,569252759087685632
2717,train,568940548301549568
6649,train,567744948934426625
11528,train,568044626654806016
12246,train,570252885809868801
13322,train,569890258181070848
13607,train,569802164060557312
10239,train,569467550100267008
5780,train,568611482780508161
5908,train,568494596973600769
10041,train,569559149933142016
6093,train,568240532746473472
13477,train,569853327359516672
12782,train,570025428095770624
13852,train,569701189199089664
3804,train,568110568097374208
1152,train,569913288122765312
2968,train,568812829324775428
605,train,570254368538173440
9955,train,569601275672829952
10187,train,569497632361594880
2745,train,568922616800657411
9486,train,569910410343804928
14073,train,569670634718023680
10700,train,568964227366387713
7353,train,569648753357037569
9157,train,570104544622981122
14211,train,569653423836045312
2398,train,569228892638019585
8068,train,568816016622354432
14470,train,569611217301450752
955,train,569989557644623875
4350,train,570293527982301184
8610,train,568115928044404736
7069,train,569940998035345408
7024,train,569952252087177216
10140,train,569524522291892226
8616,train,568107822275305472
8309,train,568499629043687426
3579,train,568256563829293056
907,train,570021075355963392
7876,train,569126841354743809
5664,train,568828335922356224
11271,train,568252192592769025
6504,train,567812709342822400
3490,train,568381535063306241
10275,train,569414739694104576
5293,train,569210394046275586
2568,train,569055189988024320
8625,train,568101162672500736
799,train,570078718028222464
10357,train,569353641615687680
3546,train,568276805972570112
1186,train,569902065247322112
6104,train,568225322543538176
7368,train,569640193931612160
9095,train,570229176621510659
3580,train,568255550070362113
6959,train,569987608912142337
6579,train,567772219549478912
10169,train,569509505022746624
975,train,569982327654383616
5990,train,568442711910576128
6850,train,570192452486889473
630,train,570237261494792192
8578,train,568152817656930305
1103,train,569927263040315392
7879,train,569122341797691392
3085,train,568715107892641792
870,train,570044286991015936
3242,train,568574174677114880
14394,train,569621808963395585
13924,train,569690603547697152
12842,train,570002236065116160
13429,train,569866091998126080
4128,train,567812160253865984
4024,train,567868544572063744
9546,train,569883376041250816
9511,train,569897798692286465
13631,train,569788087481409537
2209,train,569315878828949504
12794,train,570018532727103489
5900,train,568496445164273665
4455,train,570245840612265985
5102,train,569344036256903168
3153,train,568630453521022976
10071,train,569548355489148928
8907,train,567758699574226944
10899,train,568791745925918721
383,train,568423029371334656
13372,train,569880012230242304
10728,train,568935494375108608
3906,train,568017128286261248
7229,train,569864437739495424
8179,train,568633098474299392
6863,train,570087324949864448
2747,train,568921968818270208
10585,train,569162211748245504
10739,train,568917054004334592
4537,train,570053254836416512
11624,train,567865703765798912
5555,train,568894805914169345
2948,train,568818998445522944
9474,train,569917692758630400
10939,train,568774932844261376
2599,train,569008708174262272
12179,train,570268420140244992
8799,train,567841828411551744
1819,train,569570013964689410
3011,train,568801276416401408
2235,train,569302568020549632
9165,train,570085423801888768
11105,train,568501242248499201
12026,train,569944281512685570
8864,train,567792296654299137
3771,train,568138258108051457
4849,train,569683334311366656
8770,train,567860067602558977
4136,train,567810274083782657
10540,train,569210743133831168
5902,train,568495924135235585
4498,train,570203842542829568
873,train,570043574097555456
7149,train,569925190236442624
3680,train,568189430202130432
10418,train,569322078819766272
8577,train,568153823581216768
5420,train,569108013547687936
13375,train,569879600907440129
3357,train,568502194854612992
11947,train,570288167242375168
11791,train,567757897841385473
2612,train,568995447768899584
9395,train,569952376473300992
12093,train,570295576446808065
6631,train,567752009806131200
13387,train,569876152036290560
1148,train,569914377442340865
3728,train,568166054624669696
9484,train,569910571686088704
7676,train,569355673068118016
1629,train,569641234769309696
7813,train,569232785786998785
10037,train,569560386548006912
2192,train,569321739093614592
6360,train,567972426027565056
4730,train,569893988846546945
5805,train,568584029106266113
3586,train,568250452057427970
9255,train,570020147827752961
12735,train,570042296357539840
779,train,570083397873373184
11570,train,567926839630557184
9292,train,570001064424026112
2346,train,569250623427780608
14075,train,569670559300239360
4244,train,567756838529208320
9483,train,569910971222892545
2466,train,569187853412012032
1478,train,569705220088795136
10579,train,569165517614944256
2120,train,569359055937908736
2313,train,569261495449595905
2565,train,569059097632337920
13424,train,569867192445083648
3813,train,568105932917481472
9690,train,569716908787933184
2744,train,568923233866555392
11176,train,568456310972424192
4882,train,569668913916567552
10640,train,569039105775939584
4142,train,567806151191191553
1957,train,569504176306331649
4041,train,567854782678982656
5178,train,569276734798893056
2009,train,569476281974132736
2344,train,569252732940320768
9323,train,569985270415818752
13363,train,569881379825164288
4181,train,567791389011910656
322,train,568646087361355776
12182,train,570267608773054464
9974,train,569596357381644289
3815,train,568104397869350912
4454,train,570246490473566208
5656,train,568829994786426881
1576,train,569660452428513280
1611,train,569645582387556352
12220,train,570259540697948162
13912,train,569691609404706817
380,train,568432117539065856
4966,train,569598588378087426
9522,train,569893878536527872
2743,train,568924206152306688
11193,train,568444029257584640
11010,train,568618649751171072
13404,train,569871068833435648
12762,train,570033439857979392
5550,train,568900531696984064
410,train,568150150289461249
11029,train,568604735772741632
4596,train,569989340052344832
8142,train,568735475847950336
10518,train,569234806543929344
10601,train,569139808804605953
7950,train,568940291530493952
1579,train,569658503570296832
305,train,568811384437411840
6256,train,568092537786748928
8294,train,568524724256444416
12402,train,570201233220198400
7239,train,569847066555498496
4552,train,570034301774884865
1235,train,569873019499192320
14094,train,569667675603009537
5868,train,568535604159332352
14370,train,569626388610859008
12878,train,569993098023063552
12705,train,570053952856854528
4833,train,569689297084919808
4067,train,567841954484068353
8348,train,568450407204139008
12235,train,570256038206824448
10668,train,568995608238772224
1175,train,569905258715082753
9412,train,569945501166133248
3588,train,568250065845944321
11346,train,568185092163678208
8373,train,568434959226179585
10481,train,569262702301876224
13074,train,569946742277451776
11716,train,567802008292564992
10376,train,569343563244425216
12802,train,570016517829623808
13343,train,569885018358575104
14435,train,569616362223628289
11186,train,568449520645906432
7587,train,569525270907981825
12129,train,570280755252895745
10557,train,569188447157661696
3503,train,568360704652279809
13328,train,569889440753172481
9415,train,569944996616351746
1238,train,569871433662271488
2464,train,569188938012880896
534,train,570291642550386689
2557,train,569079375296999424
547,train,570285578563891200
3597,train,568246093856641024
1873,train,569543771181981697
12664,train,570069345818161152
5886,train,568515166410653696
14228,train,569650542995116033
12224,train,570258597180940288
7748,train,569276518305820672
1351,train,569785074910154752
4683,train,569937700993818625
2716,train,568941851228528642
553,train,570283571941924864
8102,train,568787185341751296
4898,train,569667246026416130
10385,train,569338658295193600
11267,train,568256282668302337
1823,train,569568300528635906
5099,train,569347122992185344
14117,train,569664668010225664
9074,train,570248954572619776
656,train,570223703285477376
3542,train,568280527305715712
10265,train,569429468781150208
3047,train,568774320773849088
6953,train,569993670482644992
7945,train,568955077165260800
5295,train,569209051260678144
163,train,569541127340040192
1511,train,569690742169292802
9535,train,569887957810864129
9338,train,569976848786034688
11981,train,570276434763128833
10426,train,569316342769291264
7523,train,569545323657494528
8866,train,567789001374183424
13838,train,569704219315318784
9707,train,569704066760232960
12860,train,569998992475627521
4740,train,569887819297992704
11302,train,568225166527991808
7222,train,569874374741925889
7044,train,569947823426441216
4945,train,569619309401546752
10093,train,569539560910282752
8865,train,567790133224681472
3018,train,568796113081376768
13170,train,569922305423495168
6022,train,568432390957355008
956,train,569989416426434560
9647,train,569758482989084674
8496,train,568206634758983681
9911,train,569619861879590912
3431,train,568446906524950528
12281,train,570244388175130625
4238,train,567761113631449089
4019,train,567871439585435648
11148,train,568480476803035137
11460,train,568100935769006080
11927,train,570296616688750592
5403,train,569143186439991296
6174,train,568160511264571392
4153,train,567802900480585728
14593,train,569594026732740609
13875,train,569697809017864193
4166,train,567797955202416641
12203,train,570263889696305152
4473,train,570221343985295360
9064,train,570257918798516224
13633,train,569787479324299265
1212,train,569885015615664129
99,train,569894449620369408
11754,train,567777743665946624
3230,train,568580515013398528
6593,train,567765679764697089
3937,train,567940050186604545
10643,train,569021593852239872
9000,train,570292371340062720
8495,train,568207206023360512
8456,train,568241499831287808
9202,train,570070928425676800
11020,train,568607755042484224
7390,train,569628503550906368
13244,train,569907544124219392
8538,train,568179392293281792
6810,train,570239297456091136
5855,train,568543965026390016
10770,train,568894101766012929
13701,train,569742305499828224
12439,train,570187100710002689
1039,train,569956115724660736
3918,train,567969159927205888
6867,train,570083380265689088
1930,train,569515688898875393
13623,train,569794574966591489
12030,train,569622568459636736
13826,train,569708269943418880
13020,train,569958642411122688
11473,train,568083224146149376
8339,train,568473361388572672
4662,train,569952317556043776
11618,train,567872406628356096
302,train,568823689422053376
1192,train,569900832616943616
6012,train,568436693210173441
10498,train,569248672606597121
6792,train,570267544906555393
11273,train,568250311455981570
12406,train,570198744907567106
2272,train,569282692014977025
7701,train,569339932801703936
4978,train,569587157574135808
3126,train,568654208674586624
3676,train,568190725319311360
2496,train,569164871465439232
8268,train,568544491596083200
13943,train,569688245019111425
10826,train,568843696105496577
3853,train,568078967602860032
5661,train,568829196962828289
1776,train,569590151657103360
10841,train,568833409138745344
220,train,569224234150404096
238,train,569198104806699008
10238,train,569468659648872448
7096,train,569937862109450240
12430,train,570191286667513856
869,train,570044428678778880
9187,train,570078280591781888
7090,train,569938470824574976
5419,train,569110078403551232
3024,train,568793432900177920
11226,train,568396913726382080
5722,train,568779073117245441
6373,train,567907483177582592
9468,train,569921267601580032
986,train,569973683466272768
5625,train,568853440794730496
3428,train,568450237028798464
11794,train,567756326718431232
8861,train,567794198095872001
3734,train,568164165090709504
10935,train,568775493727551488
12881,train,569992712117747712
10013,train,569574737929576448
6469,train,567830500095688704
3567,train,568263079789608961
2679,train,568958227888500736
704,train,570165459783450624
313,train,568791035297468416
8859,train,567795026307325952
9325,train,569984789798899712
5755,train,568664266502479872
13036,train,569954275016765440
1766,train,569595245945597952
3725,train,568166403246850050
13162,train,569925171294953473
11631,train,567860351569649664
5255,train,569229056362876928
258,train,568972394297077760
862,train,570048844702076930
9831,train,569649125525983233
12467,train,570177012360462336
10475,train,569267207324246019
4154,train,567802723127803905
3568,train,568262694123339776
1120,train,569921309439709184
4881,train,569669629951549440
9054,train,570265699215675392
5906,train,568495216291913728
5066,train,569384007550394369
9053,train,570265780186710017
3194,train,568606101412962304
7478,train,569576099018985472
6599,train,567763775751987201
5543,train,568908838784475136
445,train,568011935347838977
11955,train,570284308210032640
4737,train,569890103989903360
4414,train,570265280674459648
2092,train,569370010751094784
1761,train,569598072923123712
4088,train,567827442657677313
10571,train,569171167174627328
4313,train,567686845903826947
4901,train,569667075280498688
13608,train,569801797851697152
1033,train,569958247412723712
9590,train,569857037477158912
2268,train,569285045401178113
13010,train,569961302338072576
14620,train,569590965880532993
12005,train,570271479616573440
1394,train,569744079027896320
9725,train,569695412740714496
8849,train,567801569157324800
6096,train,568238379847921665
8701,train,567950666578030594
4358,train,570288961064710145
7717,train,569310328862830592
10614,train,569124496990466051
1230,train,569875424924168193
12573,train,570100947923419136
12904,train,569984339800416256
10788,train,568875453773168640
10473,train,569268918566719488
1250,train,569866337427664897
5280,train,569219080080658432
2065,train,569402506792407041
6770,train,570289587794407425
267,train,568928605226426370
1999,train,569481897203494914
6975,train,569968565513625600
8271,train,568542766860541952
12684,train,570063192581390336
114,train,569861209781989377
14521,train,569604400479649792
3068,train,568747605653643264
979,train,569979566279626752
780,train,570083363169669121
9685,train,569718807939428354
5476,train,568957488021827585
6710,train,567724266045837313
4763,train,569864693998690304
6161,train,568171015131394048
2559,train,569078332278513665
776,train,570085448271335424
6281,train,568084748020649984
6247,train,568098977545134080
10837,train,568834834040164352
2593,train,569011846432366592
12440,train,570186666276577280
6903,train,570045153295011841
617,train,570247839563034624
481,train,567786760287096832
265,train,568929026644975616
2257,train,569293296872222720
1017,train,569964582606934016
12831,train,570006028864999424
6446,train,567855640640516096
5524,train,568925711077117953
12053,train,570306260010176512
8302,train,568509302505377792
5176,train,569277512892551168
8890,train,567770698111852544
11651,train,567848843372601346
11564,train,567988647263252480
5336,train,569181890998964224
13353,train,569883743223050241
7180,train,569913667476549632
7382,train,569632594221867008
738,train,570107683027718144
7615,train,569504946120298496
7549,train,569535203888271361
3041,train,568781213651087361
3146,train,568639359127150592
10408,train,569326785353129984
9783,train,569669786810114048
9058,train,570262676481421312
10113,train,569532793530785792
13668,train,569760118591467520
4926,train,569644350906310657
9011,train,570287318264905729
13922,train,569690693888663552
5942,train,568468372524023808
928,train,570007003659149312
11800,train,567753872967528448
12931,train,569977521690669056
14251,train,569646144805953536
8277,train,568538242380742656
3007,train,568801561377439744
1797,train,569580279251255296
6945,train,570001191796678656
1945,train,569508469088387072
2619,train,568988757954678784
3081,train,568716618794209280
14366,train,569626796385116160
12792,train,570020117284724737
13744,train,569728283568418816
3528,train,568298411163852800
12309,train,570237966355968001
13317,train,569890836361580544
10060,train,569555411998613505
8841,train,567807269707206657
9941,train,569605604416888832
14568,train,569598155999674368
10300,train,569381601374638081
10221,train,569484387055734784
4357,train,570289080090689536
8359,train,568440681531875328
9708,train,569703596914282496
2746,train,568922057552977920
12801,train,570016770708283392
12141,train,570278644918194176
12075,train,570298770136674304
2760,train,568917429033652226
1305,train,569841047456460800
7156,train,569924654401495040
14268,train,569643921543958530
13712,train,569739141635817472
12835,train,570003144366792704
4410,train,570265831822778368
14596,train,569593346223579137
6122,train,568210087212388353
1383,train,569748501342478336
13219,train,569912753479147521
7011,train,569957235033399297
212,train,569240250192670720
3335,train,568516063001853952
259,train,568945958970531840
11940,train,570290337169739776
2052,train,569427993958883328
8297,train,568521376245501956
8716,train,567906937423073280
5156,train,569301244948324353
6919,train,570021223482191873
982,train,569976426163777536
13549,train,569835751275433984
7000,train,569960010249334784
10304,train,569380081254027265
14417,train,569618972535959552
11969,train,570280641771790336
13468,train,569855814716039168
4339,train,570302030742470658
6143,train,568183137467043840
1575,train,569660461601447936
6015,train,568435434964938752
879,train,570039756731494400
9264,train,570017458742030336
9170,train,570084406204997632
2807,train,568890017365561344
1025,train,569960988499275776
1782,train,569588082284101633
1995,train,569484788404322304
4731,train,569893924942299136
253,train,569018352464588800
10754,train,568905470502670336
7588,train,569524310186061824
11117,train,568494466929188864
9594,train,569850182784966656
6437,train,567859569621372928
6597,train,567764034418909186
5638,train,568845012777111552
6670,train,567738065595019265
9986,train,569589123218079745
3603,train,568238725626355712
11504,train,568064027437301760
3915,train,567985128422690816
9438,train,569938470589718528
10494,train,569250990291062786
1939,train,569513498016923648
468,train,567811428779868160
2475,train,569182643155300352
12096,train,570292715444965377
8899,train,567766269810581505
3297,train,568544738032242688
3971,train,567898499540340736
7546,train,569535821486952448
13740,train,569729657248985089
9207,train,570064017022181376
12675,train,570065545392861184
1947,train,569507834930442241
1609,train,569646446586171392
13204,train,569915039114661888
4084,train,567828973893259264
13993,train,569680398185312256
3863,train,568068468261519360
769,train,570087435759185920
652,train,570227149682155520
4585,train,569995536545091584
6528,train,567800801248161792
12805,train,570015432750399488
3520,train,568328533421867008
11875,train,567698031081160704
2015,train,569474700386045955
4751,train,569875532600385536
12382,train,570210392539934721
6839,train,570206077826039808
11211,train,568423588077936640
1514,train,569689076439392257
1119,train,569921652374577153
5366,train,569165128366755840
8390,train,568429798604857344
1418,train,569724705063596032
6038,train,568425737092513792
11258,train,568272139075387392
462,train,567829051559186432
9815,train,569653415317413888
13871,train,569698519742861312
9744,train,569684138304741377
2284,train,569276415927037952
4118,train,567814641918832640
6251,train,568094581041934336
720,train,570129828969459712
5241,train,569237713016229888
6424,train,567868770284208128
5705,train,568791283575201792
9847,train,569642419307864064
14499,train,569606248095576064
8000,train,568891233386561537
6260,train,568091623986319360
6285,train,568082454336151552
4083,train,567829543723102208
269,train,568923762764095488
8054,train,568833490818453504
674,train,570204649363341312
12260,train,570249435029970945
2493,train,569168028014743552
13769,train,569720325165830144
12272,train,570246839225745408
7806,train,569235333050576898
1505,train,569695198239793153
8381,train,568432677789011968
3931,train,567950122245623808
8107,train,568782407698149376
9821,train,569651165396373504
12165,train,570271574462369793
4825,train,569697236982104065
4982,train,569585343084650496
8695,train,568005720026660864
7037,train,569948710370717696
4813,train,569703041957564416
10329,train,569368352868556800
2241,train,569300431412850688
6825,train,570226143045033985
669,train,570209482090917888
301,train,568824637267685377
3192,train,568606485716078592
353,train,568511755040657409
6534,train,567796413880397825
11237,train,568383500530769920
11027,train,568605539866976256
663,train,570214660638511104
10411,train,569325511635308544
9205,train,570068659193950208
8369,train,568435926503976960
4936,train,569630183747153920
3882,train,568055509795901440
5206,train,569259404589191168
10193,train,569495613173309441
5505,train,568942133698146306
4699,train,569922915472244736
6451,train,567843845247016960
9034,train,570275106724782080
10283,train,569394015055040512
1902,train,569527975252766720
11170,train,568460100970668032
1938,train,569513703722393601
6838,train,570208115205021696
296,train,568833739192557569
12181,train,570267902726803456
12050,train,570306662575300611
6396,train,567885982340636672
2456,train,569194348375613441
981,train,569977492720779264
10776,train,568885645927686144
13104,train,569939736782962688
5648,train,568836616166313984
925,train,570009743160254464
12231,train,570257429486706688
1126,train,569919610025152512
5650,train,568834328937009152
13635,train,569786809028255744
14074,train,569670589646032896
1348,train,569792291264712704
11322,train,568213769798578176
4811,train,569704454376660992
4528,train,570062210640322560
8033,train,568851381769134080
2687,train,568955060165554176
11676,train,567829906861793280
12666,train,570069217879461889
9615,train,569821862873726976
4953,train,569612143873490944
13847,train,569701848476745728
11738,train,567786807224705027
2347,train,569250015752749057
12963,train,569972935227674624
13489,train,569850597169598464
9663,train,569746398519955456
11907,train,570301395141836801
1844,train,569558713079443456
11377,train,568161997935607808
9322,train,569985288992264192
3232,train,568578571129761794
9314,train,569987511830904832
13029,train,569957163138883584
4489,train,570209843199524864
5565,train,568892540889509888
904,train,570022372901847042
5551,train,568900052397092864
2907,train,568834890046832640
1408,train,569734065697353729
14622,train,569590191758962688
12209,train,570263008762601475
13126,train,569934354241212417
13753,train,569724918016839681
10211,train,569487757741051904
9862,train,569633357451153408
10872,train,568809407120855041
4287,train,567733177590874114
11180,train,568454051144339456
10028,train,569565125344141312
12488,train,570160153493774337
9475,train,569917431059099648
10079,train,569544528299995137
14446,train,569615410720432128
3573,train,568259835474677760
2282,train,569277733416513536
11262,train,568258726668443648
5986,train,568445415768477696
3524,train,568308464985903104
13451,train,569860103341518849
7535,train,569540050821763072
11808,train,567747420650754048
4457,train,570245513720647680
3050,train,568771007529398272
4535,train,570054105789550592
14077,train,569670354030989313
14058,train,569672974657146880
2135,train,569343661063823360
6750,train,570305363859406848
4389,train,570274371685777409
4641,train,569969833254764544
11171,train,568459150444769281
7091,train,569938450633388032
9131,train,570190931321757696
2724,train,568932482323623937
2919,train,568831798857195520
10811,train,568857278721478656
11565,train,567979842882428928
10166,train,569510808847196160
4225,train,567767199700758530
5244,train,569235155061227520
6059,train,568389266155438080
12170,train,570270651996463104
9902,train,569622857120137216
12215,train,570261359377698817
14447,train,569615290956259328
10390,train,569337274707660800
10233,train,569472029717610496
5221,train,569251768770502656
710,train,570160120698679296
571,train,570272406570442752
11749,train,567780624531222528
1835,train,569563698374651904
3738,train,568159685238329344
4016,train,567872182136619008
14013,train,569677591055106048
9879,train,569627574336421888
3914,train,567985483135000576
7059,train,569946008840491008
3408,train,568462177415372801
894,train,570031098513592320
8855,train,567797436652199936
2465,train,569188792541818880
3694,train,568184231819481088
1561,train,569665177135812608
1777,train,569589872094289920
8279,train,568535586325303296
12095,train,570293494444634114
3990,train,567886894761005056
9166,train,570085229576265728
13144,train,569930613962072064
9623,train,569802676914909184
9851,train,569640574971715584
4487,train,570210502955155456
11642,train,567856486950576128
256,train,568977439398821888
13700,train,569742312059899904
2418,train,569217285593788416
4169,train,567797327071838208
2159,train,569336095411965952
6020,train,568433948126154752
3629,train,568225310753353728
999,train,569969952654028800
8282,train,568533876873633793
13724,train,569734526521511936
9818,train,569652266006941698
11644,train,567854566122864640
13967,train,569684433218875392
3817,train,568101609894342656
1624,train,569641615721140224
2908,train,568834851517771776
1169,train,569907564156035072
3857,train,568076556997775360
7146,train,569925551475056640
2681,train,568957558444175360
5814,train,568578057293807616
8851,train,567801343861092352
11097,train,568507131902726144
9060,train,570259268844314625
12373,train,570215492838920193
2969,train,568812129308053504
14034,train,569675530792013824
2319,train,569259688887492608
2302,train,569270012894060545
355,train,568496820604821505
14321,train,569634454924357632
4220,train,567767810655670272
3897,train,568036157482602497
5577,train,568884751022624768
4330,train,570305647759265793
9810,train,569655603783708673
12688,train,570060846241611777
11337,train,568194520497713152
9059,train,570259388872695808
12725,train,570044497330987008
6986,train,569963701987450880
13947,train,569687606901940226
13822,train,569709666625675264
6544,train,567787583138230272
11495,train,568070522908442625
6641,train,567748407070953472
12665,train,570069262586540032
13460,train,569857475098202113
9476,train,569916586682945536
6453,train,567843309349036032
6938,train,570002674747367424
13431,train,569865061855932416
1395,train,569743891714347009
2110,train,569364927191719937
3514,train,568352134422511616
13542,train,569837381261533185
11412,train,568135319876468736
9641,train,569759291839803392
14345,train,569630885450002432
6131,train,568193603954085888
10574,train,569169274109100032
9186,train,570078355770339328
7259,train,569722876879884288
6628,train,567752407166103552
8549,train,568173309747048448
1865,train,569544873809989632
7109,train,569935951868207104
4513,train,570091771675348992
2164,train,569332961813753856
13081,train,569944355261304833
2734,train,568928163058724865
11487,train,568076483664568320
10864,train,568814284680994816
2737,train,568927631103696896
9382,train,569960904852312064
13156,train,569925990283145216
9172,train,570084217301962752
13037,train,569954220184604672
3112,train,568663431433187328
400,train,568209028188233728
1919,train,569520712379052032
5486,train,568951063463616512
8502,train,568203709802532864
12097,train,570292403309035520
13098,train,569940740454936576
14116,train,569664787946164224
10633,train,569102942088900608
11693,train,567812369902133248
5937,train,568470715009277952
488,train,567769981128282113
11374,train,568162673981943808
26,train,570239632807370753
3224,train,568584434376577024
9526,train,569891350302367745
1064,train,569941082420568064
7208,train,569888183409893377
1260,train,569863765451255809
13801,train,569715059385114624
4158,train,567802015527755776
2070,train,569392315409829888
6754,train,570299924555956227
1384,train,569748491943038976
12607,train,570088600949411840
12677,train,570064927550889984
7992,train,568897013997289472
3823,train,568098115988918273
5909,train,568494498361294848
12872,train,569995212296200192
11133,train,568490703476682752
12649,train,570075716861206528
8445,train,568253266456395776
13312,train,569891568074797056
116,train,569814339785338880
12145,train,570276196405125120
12748,train,570038564110467074
7660,train,569386581938860032
8533,train,568186002759671808
6295,train,568077464892628993
2976,train,568810180269494272
1112,train,569922973798420480
12856,train,569999632920674304
11505,train,568063386321158145
569,train,570272997052805120
1205,train,569888119043915776
2728,train,568931637699829761
3496,train,568374502582816768
9009,train,570288039454486529
13777,train,569718904131420161
2684,train,568955862124863488
4341,train,570299642887442433
2982,train,568807928154558464
12961,train,569973034880098304
4832,train,569690786180132865
9180,train,570082420936052737
12525,train,570127035890184192
8769,train,567860450676903936
331,train,568605449659895808
3201,train,568600144406568962
6166,train,568169379613032448
5637,train,568845241526038528
2457,train,569193887706812416
3474,train,568411566233804802
3270,train,568562613040197634
10927,train,568780228648144896
5287,train,569212457706782720
2227,train,569307047285690369
10662,train,568997136643309568
4645,train,569964332026634241
12088,train,570296616688750592
2341,train,569253190551498752
8611,train,568115829616861184
11138,train,568482925177651201
8171,train,568636973964898305
2309,train,569262631258705920
1391,train,569745645956771840
8776,train,567853709100720128
3200,train,568600380977893376
1672,train,569629692661268480
834,train,570058190647271424
9586,train,569863183961165826
7820,train,569229572123680769
397,train,568239036533497856
6140,train,568187725834289152
10711,train,568957769858060290
14377,train,569624865558245376
5192,train,569264328186179584
2286,train,569275566077165568
3030,train,568787999036583936
3785,train,568127465224323072
13495,train,569848857498161154
2248,train,569298147144556544
12853,train,570000126636216320
8653,train,568078149231067136
6334,train,568053732929359872
11479,train,568079633998086144
2816,train,568884491294351360
11354,train,568174847450329088
6875,train,570073592848715776
6434,train,567861140895580160
11579,train,567915852260978688
12034,train,569047438880841728
9808,train,569656884262793216
10424,train,569317426975760384
5064,train,569397984519016448
7693,train,569343003476819969
3351,train,568503887113498625
7124,train,569928989231353857
14004,train,569678544869199872
13031,train,569956742122983424
8389,train,568430087298801666
2519,train,569143406724837376
14597,train,569593278636675072
237,train,569198782421663745
3632,train,568221167288344577
3061,train,568757166674460672
14047,train,569673981164277760
14171,train,569659173044129792
1650,train,569635389289459712
4557,train,570027786053636096
2447,train,569201516881448960
661,train,570216086173581312
10205,train,569491240481382400
9729,train,569692108367400960
895,train,570031016800161792
12648,train,570075821127249920
12561,train,570102866754592768
5202,train,569259858882662401
14362,train,569627485240844288
2154,train,569337916125798401
12827,train,570006768681492481
8200,train,568615445596471296
11541,train,568031706944540672
5628,train,568850531642253312
9440,train,569937457837273088
10713,train,568954558589702144
9049,train,570269976042573824
8162,train,568647808619659264
3743,train,568158459553714176
10470,train,569270187725160449
2966,train,568813356296982528
11786,train,567760474553348096
4550,train,570034833633767424
9013,train,570286345454800896
14580,train,569596325076955137
6884,train,570063322449616896
1083,train,569934069712052224
9291,train,570001283907768320
13848,train,569701794567163905
10853,train,568823990321598465
10287,train,569392471966388224
13133,train,569933565321990144
929,train,570005000643956736
7086,train,569938845111848961
11860,train,567726138223771649
1171,train,569907031693520896
1714,train,569618440396398592
8137,train,568746335446441984
8469,train,568221088750161920
6635,train,567750529620697088
2758,train,568917786921009153
11500,train,568066292114001921
3220,train,568588791830736896
3460,train,568424482764931072
1479,train,569705212274995201
11567,train,567969619849265153
14129,train,569663701017624576
1959,train,569503938690584576
6341,train,568049316582932480
1272,train,569858231759085571
10160,train,569514031695962112
12717,train,570047669370036224
572,train,570271846718775296
13188,train,569917869296758784
4984,train,569584431544971264
12972,train,569971637296082945
172,train,569429411646156800
4647,train,569961977231106048
11403,train,568139253194067968
10436,train,569308130464698368
6714,train,567722937545814018
1602,train,569647694005870592
4897,train,569667313609404416
2955,train,568815893641211905
2249,train,569297162795937792
4321,train,567614049425555457
6277,train,568085308727808000
4209,train,567775140319358976
5795,train,568589740833939456
6756,train,570296417094373376
10398,train,569332044909678592
8515,train,568198336651649027
13315,train,569891023335387136
4020,train,567870608152793088
4429,train,570261225520689152
10594,train,569151367702401025
5259,train,569227063300718593
2271,train,569283511192051712
12374,train,570215343530102784
5266,train,569225412540174336
10173,train,569507522412986368
4826,train,569695695868817410
13461,train,569857446371438592
7769,train,569260955953176578
6200,train,568135153903656960
9263,train,570017568964132865
9168,train,570084871101661184
647,train,570229936285331457
5591,train,568880146284982272
4752,train,569875430951542784
10678,train,568991327389671425
7151,train,569925111475793921
2735,train,568927730160549888
4525,train,570066283233972224
2053,train,569420890003410944
2195,train,569319928815202304
5493,train,568947250325561344
159,train,569566981835218944
4795,train,569728621344104448
8272,train,568542018760286209
11776,train,567764858817773570
3581,train,568254094739148800
8096,train,568797120410619904
4317,train,567630296783155203
4867,train,569672501753724928
7784,train,569247182475407360
10332,train,569366383458275329
3551,train,568274855814152192
14384,train,569623164143185920
6913,train,570032796472778752
11102,train,568502112457510912
134,train,569630092273410048
5454,train,568987434051989504
11855,train,567727581873848320
8387,train,568430874049581058
12784,train,570022265343123456
7282,train,569693923183972352
8018,train,568864286266814465
14452,train,569614085807067136
5771,train,568618050745864192
968,train,569984791107338240
3010,train,568801277984944128
7918,train,568982494676172800
8258,train,568552263641210881
11096,train,568509738763169792
2731,train,568930692551221248
14260,train,569644716343455744
2672,train,568962582934978562
6045,train,568418531777355776
6795,train,570265811623002112
13651,train,569770321563279360
13923,train,569690664029462529
7241,train,569844102239531008
13942,train,569688317412970496
8959,train,567695310860730369
4758,train,569868010665611265
3399,train,568466673990307840
11888,train,570306715599695874
1515,train,569688560376221696
3605,train,568237684277141504
14201,train,569654988877668354
1840,train,569560633957609472
12425,train,570192546367975424
3122,train,568654569976123392
7607,train,569510849846611968
5894,train,568505615208693761
12834,train,570003289326157824
10734,train,568929010966765568
9211,train,570060873328414721
7131,train,569927299908444160
13109,train,569938485844422656
11475,train,568081401053974528
6775,train,570287622343540736
9567,train,569871932251729920
13603,train,569804373859020801
424,train,568104519633993728
6700,train,567729203894702082
2404,train,569226228152053760
14512,train,569604994825105408
13232,train,569910765173362688
2173,train,569330006985347072
11165,train,568467880481665025
12230,train,570257660123193345
8860,train,567794802394406912
8013,train,568875992128729088
12342,train,570224421194964992
8208,train,568604366690627584
8249,train,568558887290441728
5653,train,568832907525152769
1965,train,569502909093646336
2941,train,568822440631144448
884,train,570037961020080129
7520,train,569547458520469505
4628,train,569975032127967232
10657,train,569000361735761920
6502,train,567813189334790144
4026,train,567867168429182976
5466,train,568970172062691328
7475,train,569577005278064640
3291,train,568549214696935424
515,train,570299889688702976
10990,train,568634185155358720
2056,train,569418497694035969
12977,train,569970235392073729
4515,train,570087941277495296
5568,train,568889677094232064
6318,train,568056811401703424
13614,train,569799325175275520
13820,train,569709973963468801
13877,train,569697701098602497
5325,train,569194554290774016
7412,train,569621991852019713
13931,train,569689826221363201
9581,train,569866461172387841
3977,train,567894808439570433
5922,train,568483773467262976
12779,train,570027031326535680
2574,train,569034282485698560
2608,train,569003577613512704
109,train,569873669700358144
3507,train,568355672225673216
1652,train,569635077623148545
14220,train,569651366018166784
11006,train,568620349027323905
1123,train,569920593597894657
9566,train,569873091763032065
4054,train,567848544893169664
2450,train,569199095505690624
4718,train,569903253183455233
11110,train,568497723109974016
3332,train,568520126095441920
11904,train,570302060035497984
9888,train,569625599570014209
1434,train,569722020776116224
13829,train,569706809126055936
4738,train,569889885651234816
13025,train,569957958634770432
6073,train,568299906466762752
10461,train,569278418606559233
2081,train,569380416219709440
8591,train,568139150710296577
1558,train,569665600403808256
4002,train,567882603405008896
8370,train,568435750485819392
382,train,568428224813916160
13151,train,569927644575182849
11072,train,568538064487735296
260,train,568945265899483136
10817,train,568852319762313216
532,train,570291866530398208
14559,train,569599312671301633
10787,train,568875591308611584
8936,train,567733847132229632
11737,train,567787449053872128
7968,train,568920546043408385
560,train,570277667519332353
6566,train,567776143273512961
8981,train,570304244001193984
12926,train,569978298765344769
1130,train,569918466821459968
12415,train,570195492006707200
8193,train,568621210986090497
5219,train,569254020457635840
7393,train,569628053648904195
13802,train,569714918951391232
13904,train,569692299539517441
14303,train,569639529805688832
10174,train,569507349548957696
12844,train,570002083832733696
6011,train,568436966628261889
12889,train,569989598388084736
95,train,569910981868060673
11156,train,568473401544859648
9222,train,570054266267811840
5367,train,569165102307545088
12958,train,569973337050341376
12038,train,570294451261874177
5068,train,569374522157207552
5134,train,569316487447621632
8753,train,567872392116191233
10781,train,568881442438176769
4765,train,569857504768757760
8199,train,568616034384498688
3103,train,568675083314552832
13272,train,569898893262983169
8022,train,568861835568369664
721,train,570126668922294272
6079,train,568276647885086720
8629,train,568098769847218177
2829,train,568881593395208192
4948,train,569615206625599488
13619,train,569796511409704960
2785,train,568900980080709632
3269,train,568562718854111233
3599,train,568243964983308289
7442,train,569604033083789312
6375,train,567906137938399232
11496,train,568070439945306112
5896,train,568502870435336192
4928,train,569644213224148993
1462,train,569710019333107714
2390,train,569232650965102592
1105,train,569925614100189186
359,train,568490223417602050
4451,train,570248044341374976
464,train,567823564167192576
5639,train,568844412970770433
8506,train,568202590032236544
9868,train,569632685318115329
9930,train,569610542723309568
165,train,569494748341407744
1531,train,569679871707783168
12769,train,570032010145607680
13211,train,569914468404035584
10407,train,569327664919498752
13897,train,569693592597323776
1770,train,569592236981284864
3013,train,568800389903962112
1486,train,569701377779183616
1713,train,569618829627666432
1618,train,569642899828133888
6338,train,568051218477654016
4040,train,567855470142197760
5804,train,568585356586586113
7789,train,569243807331409920
2203,train,569317718886903809
14361,train,569627744021184513
11347,train,568181747357229057
4446,train,570250780252504064
10591,train,569153841083625473
7917,train,568983310438805505
80,train,569933816963342337
9494,train,569907323650633728
11555,train,568010412798509056
7411,train,569622389920641024
6314,train,568058084846911488
10667,train,568996205910466560
12021,train,570267608773054464
6399,train,567880908528832513
3441,train,568437324587012096
5399,train,569143996422995968
13620,train,569795397448634368
4626,train,569975349750079488
4370,train,570284129138274304
9417,train,569944182011379712
13827,train,569707409985445889
5209,train,569259056017178624
10528,train,569223536507809792
11355,train,568174802059464705
5567,train,568891084107087872
3186,train,568608850569338880
11332,train,568202255205335041
4653,train,569957081811283968
12015,train,570269280748441601
9257,train,570019741806538752
5185,train,569273375954243584
13227,train,569911255399596032
10950,train,568769216662282240
1416,train,569725805066002432
3564,train,568265475114663936
1363,train,569763359278505984
5472,train,568964652455092224
7919,train,568977430439817216
4792,train,569733311595020288
2513,train,569149498183659520
12979,train,569969456190869504
7848,train,569188266089381888
2886,train,568847735530643457
12031,train,569621879633391616
3717,train,568172170569887744
3521,train,568323479826771968
3756,train,568148282762874881
12144,train,570276245960835073
13221,train,569912213068066816
5658,train,568829686257623040
14052,train,569673709520158720
12547,train,570115532906569729
12429,train,570191664628699136
6481,train,567823967555178496
11508,train,568063122755485696
2350,train,569249769421295616
6221,train,568111819325366273
9163,train,570085644015419393
2645,train,568972562819997696
7602,train,569514168576974848
14613,train,569591653121597440
9795,train,569662906842750976
7732,train,569300264349364224
4277,train,567736507687895040
13569,train,569827608193585152
1097,train,569928419435286528
8516,train,568198057155641344
5222,train,569250912784519168
7431,train,569615636869062659
5687,train,568807206059028481
9951,train,569602817633222656
8947,train,567727701620822016
923,train,570011417249759233
759,train,570095172303900672
5115,train,569334635227820032
935,train,570002150115254272
4658,train,569954583209881600
10347,train,569359025655181312
10024,train,569566514132717568
8771,train,567857135066963968
12255,train,570250470289068032
13873,train,569698217614544897
12937,train,569975778953142272
5149,train,569306524155310080
5803,train,568586231409475584
1153,train,569912776199704578
1738,train,569609680961572866
6658,train,567740403755909120
5141,train,569311935835062272
3941,train,567936625453318144
13832,train,569706627667853312
14323,train,569633689665216512
3430,train,568449164951953408
6932,train,570009886198796288
205,train,569253236093267969
374,train,568452186977361921
1190,train,569901094945611776
8717,train,567906374870528001
12017,train,570268646544510976
4698,train,569924243946737664
3854,train,568078441364393985
8074,train,568809330151022592
5090,train,569355332113309696
6264,train,568087802279288832
4329,train,570306086475075585
9317,train,569986794797842433
13168,train,569922451913777152
694,train,570177593250582528
6112,train,568216890918637568
477,train,567806467974365184
731,train,570115302991777792
12006,train,570271383005085696
315,train,568781819233091584
713,train,570151672070205440
8939,train,567732811772080129
8953,train,567724950556258304
2316,train,569260922365063169
11575,train,567919849088770048
6891,train,570058262743101440
8332,train,568480654347935745
4548,train,570035287679590400
4251,train,567749045524131841
5173,train,569282355904548864
10581,train,569164183473762304
7280,train,569696862011133952
6208,train,568128236649095168
4056,train,567848201505476608
12556,train,570106114202861568
7260,train,569722367343136768
255,train,568989005162766337
909,train,570020275150049281
2577,train,569030219438239744
4282,train,567734731694157824
5122,train,569332152065593345
10184,train,569500787849728001
12902,train,569985685723209730
5858,train,568542364207325185
4614,train,569978748780421121
14348,train,569630266664325120
5750,train,568742080715104256
13626,train,569790444797865984
12268,train,570247748286435328
5980,train,568448242804871168
10381,train,569341439148236800
5655,train,568830255282040832
11588,train,567906248852533248
14511,train,569605022197153792
10660,train,568997394345533440
13678,train,569753971406999552
14012,train,569677660890116096
11999,train,570272235639828480
4482,train,570214946815868929
6525,train,567801645795643393
5421,train,569104886119297024
7408,train,569622819283337218
2837,train,568875530671554561
13831,train,569706754025660417
10154,train,569519007965061121
11836,train,567731585035014144
11939,train,570290552169734144
388,train,568364437599436800
10496,train,569248875825008640
9928,train,569610893052518400
12876,train,569993494715977728
2781,train,568902405909143552
5700,train,568797768162127872
6378,train,567899634833690624
9473,train,569917765676601344
13952,train,569687056542244864
8584,train,568145983931969536
2712,train,568946825798905856
10744,train,568913418092224512
7552,train,569533648367722496
636,train,570235387009839104
8894,train,567768878613536769
94,train,569911218942517248
1417,train,569724822177095680
243,train,569182336715243520
1022,train,569961695835267073
6479,train,567825886449250304
9580,train,569866875452203010
844,train,570054574389788672
9079,train,570242474750423040
9712,train,569701230479413249
392,train,568279994876571649
2591,train,569012722169466880
2042,train,569440689253158912
12992,train,569966060926947329
14130,train,569663687948181504
10890,train,568796551394549760
5279,train,569219456506814464
819,train,570066450796257280
3219,train,568589019925368833
4469,train,570224719011704832
6379,train,567899604605218816
11407,train,568138172133183488
1859,train,569550676784578562
3651,train,568206092599218176
3526,train,568302985802956800
13411,train,569869514944466945
4059,train,567845500205936640
8315,train,568491434397073408
3432,train,568444328873467905
11488,train,568075934609346560
5927,train,568481017876623360
1886,train,569534268130660352
11753,train,567778236026077185
1661,train,569632200913604608
7384,train,569630310779854848
7665,train,569378165610524672
346,train,568526847320784896
4920,train,569648240150204416
2620,train,568988032067616768
4265,train,567743132180033536
7821,train,569229142597771265
7887,train,569102757875077121
2036,train,569451362687143936
12590,train,570095696491241472
4793,train,569731970562961408
4505,train,570192105752039427
6926,train,570012849067720704
8196,train,568619425886121985
8259,train,568551504505802752
1551,train,569666771717890048
13148,train,569929141962698752
5459,train,568976030947418112
344,train,568536882012749824
12898,train,569986978684362753
3094,train,568693355183538177
1214,train,569882164382322688
14554,train,569600295833116672
396,train,568240364315783168
10372,train,569345132866220032
7132,train,569927288751587328
5920,train,568484677868265473
12377,train,570214732067700736
14552,train,569600599588630529
5714,train,568784239841431552
9029,train,570277612389412864
5580,train,568884252110159873
7385,train,569630240512876546
7702,train,569339717990400000
4577,train,570003111772692480
14543,train,569601363799359488
5015,train,569541106112827393
11188,train,568449223730925571
2291,train,569274801388425217
395,train,568245360998658048
7085,train,569938848156930050
13560,train,569831393682976768
9942,train,569605521050898433
13209,train,569914552382418944
2629,train,568984515298922496
36,train,570051381534396416
7402,train,569625606536732672
2647,train,568972136322375680
389,train,568349321634013184
11242,train,568373807414714369
12629,train,570082289939406848
10765,train,568896751102533632
7450,train,569602645712769025
3780,train,568129909408841728
10612,train,569125267270017024
8858,train,567795784876589057
2376,train,569239293429833728
1791,train,569583943772610560
9422,train,569943328701095937
1590,train,569653506291818496
2152,train,569337969233887232
7631,train,569491537610059776
2111,train,569364890307190784
9520,train,569894100649947136
12741,train,570040903735373825
502,train,567727292739092480
7130,train,569927476463452160
14121,train,569664261678600192
3685,train,568186803930464256
2469,train,569185842876571648
6801,train,570248591295557632
1994,train,569484965055832065
11168,train,568463569458741248
4660,train,569953874435567616
7949,train,568940704451289089
311,train,568795139512127488
10738,train,568919673548337152
9588,train,569861759240171522
7814,train,569231102428250112
13454,train,569859036360908801
1756,train,569599713499963394
11953,train,570284660510433280
8472,train,568219452929662976
8177,train,568633738567012352
8727,train,567897030934269952
10976,train,568644931792687104
3715,train,568174139531513856
4001,train,567883234614210560
9840,train,569645836109418496
10437,train,569307561083703296
558,train,570279720937529345
14169,train,569659317458243584
10120,train,569529416155402240
12004,train,570271574462369793
2838,train,568874741249007616
12013,train,570269774594224128
11079,train,568527605063757824
10189,train,569496169652428800
4113,train,567818055771918336
5674,train,568820729879367680
12156,train,570274148364242947
1855,train,569553741222952960
7042,train,569948212607393792
3265,train,568563494313857025
8603,train,568125723594133504
4031,train,567862940348579840
4042,train,567853668608925696
9197,train,570073507465469952
11000,train,568626857576407041
2288,train,569275466936397825
14383,train,569623364337168384
6135,train,568191101087019008
11481,train,568079024943194112
182,train,569318651502989312
1453,train,569713494821482498
3492,train,568380302114086912
10953,train,568764059732058112
405,train,568193116437483520
8120,train,568766741746225152
596,train,570259691579809792
3831,train,568093443823693824
10323,train,569371693602476032
10565,train,569178197499256832
8227,train,568587875702476800
3614,train,568233193738018817
12349,train,570222495145406465
6901,train,570047651875594240
3027,train,568789500727570432
10243,train,569464902164856832
6388,train,567890395322920960
2126,train,569351147930169344
6037,train,568426007583170560
2497,train,569164614921019392
3767,train,568141110217805824
12492,train,570153610870456321
2366,train,569243676594941953
6255,train,568093190185566208
3556,train,568271741207891968
4444,train,570252231624265729
291,train,568845553104068609
1780,train,569589319846854658
3753,train,568149600403660800
6046,train,568416519073468416
13644,train,569779719798951936
7550,train,569534889055395841
11406,train,568138663864852481
14529,train,569603991551782913
2013,train,569475092582789120
6667,train,567738484082114561
2808,train,568889252185903104
11819,train,567736516420853760
12221,train,570259502685151232
3607,train,568237611208318976
1783,train,569587787680256001
10146,train,569523240252661760
14046,train,569674205920411648
5277,train,569221213026971649
1187,train,569902028719173632
9267,train,570015470570639360
6513,train,567806843310907392
9135,train,570177698166923267
2825,train,568882601261273089
5827,train,568570219951554560
14139,train,569662113989439488
2864,train,568857956470517760
11025,train,568606066155634688
8374,train,568434729684307970
7616,train,569504299992141824
5438,train,569021943828983808
4977,train,569588348593025024
8593,train,568134036239097856
2685,train,568955339607019521
14639,train,569587140490866689
7506,train,569558235897688064
5372,train,569162276403609600
1508,train,569693430902861824
8839,train,567807375667912704
9743,train,569684686160719872
8572,train,568156758025187329
3684,train,568187636449472513
4233,train,567764411205439488
14334,train,569631824101683200
7058,train,569946372901707776
12971,train,569971722155208706
9751,train,569682454757257216
14434,train,569616554922418177
2500,train,569163371746095104
11704,train,567804923782627330
13771,train,569720084484083712
1181,train,569903812569276416
1814,train,569571643044929536
1912,train,569523440547291136
14550,train,569600780048560128
3308,train,568536646963970048
6708,train,567725232203390977
6954,train,569992753649729536
10936,train,568775413192921088
1718,train,569617083194933248
9242,train,570033554492690432
9525,train,569892413235294208
14365,train,569626951733932032
14225,train,569651021175267332
8500,train,568204705861652480
7106,train,569936426902687744
14451,train,569614088390578176
4248,train,567752542491516928
5137,train,569313760864632832
7904,train,569003837975089152
756,train,570096582546165760
13030,train,569957000752140290
1598,train,569649806202642432
150,train,569594386066984960
1696,train,569621349095702528
4688,train,569932197735604224
12336,train,570226080457449472
11198,train,568440682584477696
6521,train,567802937394655232
5487,train,568949828518084608
12959,train,569973278699352064
3251,train,568570905690898432
228,train,569211675108179968
9397,train,569951021398683650
4095,train,567824271234592769
10333,train,569365604832047104
197,train,569277352129138688
10010,train,569576236541825024
697,train,570175669096882176
3612,train,568234631465734144
10619,train,569119050682339329
9481,train,569911231705944064
9875,train,569629346777968640
13780,train,569718484151750656
485,train,567783687980367872
14022,train,569676336635236352
278,train,568890062286385153
815,train,570067181733580800
855,train,570050785490419712
3835,train,568091960709230592
6689,train,567733978363621376
1066,train,569939149756755968
9716,train,569699616750489600
11494,train,568072770103308288
9695,train,569715361660207105
13013,train,569960665827258368
1651,train,569635090214449152
9362,train,569969386062266368
1433,train,569722230340333569
1159,train,569910536755748865
10096,train,569538857328353280
83,train,569933360564342784
682,train,570189291990728704
5191,train,569266206596734976
14500,train,569606226880929792
10958,train,568760648135544832
12291,train,570240896387710976
8135,train,568751647809273856
2548,train,569094744615157760
2163,train,569333972452265985
3944,train,567929586077425664
486,train,567772685472915456
7987,train,568904127834558464
10318,train,569372837854756864
8437,train,568273152456810496
7906,train,569002746117902336
8802,train,567836728100200449
3125,train,568654300802473985
1480,train,569704478808485888
1827,train,569567167429128192
496,train,567744381432516608
12747,train,570038580967383042
5903,train,568495601471647745
14215,train,569652313813430273
3363,train,568494749247778816
9231,train,570047733236695040
13076,train,569946012988669954
8992,train,570296212336865283
4664,train,569952282277773312
1820,train,569569639543541762
6878,train,570066859330019329
13374,train,569879696093126656
4112,train,567818953881419776
6449,train,567847571223388160
525,train,570296556852789250
10824,train,568845421390344192
11523,train,568053414682361856
6916,train,570025186000539648
7397,train,569627374674964480
1354,train,569780939280093185
13551,train,569835167944019968
12800,train,570016890996666368
2814,train,568885498464374785
4878,train,569670402223562752
728,train,570116209263427584
14135,train,569662471213948928
7973,train,568916674168135681
12687,train,570061921145065473
2839,train,568874496507174912
7649,train,569439674294337536
10773,train,568889054286053377
1469,train,569707569448558592
659,train,570217606025748480
7067,train,569941344053018625
1532,train,569679642447052800
9331,train,569981026598043648
13224,train,569911528368926720
6115,train,568214541852495872
5078,train,569361107745263617
11053,train,568561924985782272
10305,train,569379997175177216
2153,train,569337916872220673
4905,train,569666606424420352
12229,train,570257935911096320
5085,train,569358195862462464
13745,train,569727743450984448
10871,train,568810681279111168
4234,train,567763529277923329
2772,train,568908474601639936
5491,train,568947768149938176
7078,train,569939532096925697
13497,train,569847671822946304
8434,train,568282853240209408
2125,train,569352559598682112
7336,train,569665766628286464
13465,train,569857128988602368
9947,train,569603833804038144
8888,train,567771662167179264
2394,train,569231984334995456
11560,train,568004004183203840
4622,train,569976246135697408
6696,train,567731246462033920
11995,train,570274148364242947
1370,train,569755876401274880
11325,train,568211021497638912
13963,train,569685165565308928
921,train,570012706704662528
14023,train,569676333766328320
6199,train,568136521502605312
2471,train,569184999900995585
2108,train,569365692618661888
10834,train,568836390991101952
13640,train,569784114309693440
5177,train,569276864260255745
3313,train,568534166742003712
12446,train,570184083692658688
7683,train,569346433305993216
11353,train,568174975028465664
2442,train,569204255191490560
6180,train,568153578453524480
1893,train,569531827989454848
2682,train,568957349534289920
7107,train,569936252977451008
2518,train,569143454434926592
7531,train,569541545029804034
4753,train,569875093360238592
491,train,567759012806029312
5520,train,568926716644745216
12390,train,570204930520190978
12218,train,570260735294607360
9269,train,570015223408668672
13108,train,569938844746956800
5391,train,569151206028931072
1876,train,569540963091259392
10500,train,569246373020717057
8530,train,568188639412400128
13576,train,569822277145133056
7223,train,569874150636048384
484,train,567785191901376512
6654,train,567741655587905537
5559,train,568894224738856961
9173,train,570084200235335680
806,train,570073757508726784
5227,train,569248702092541952
8292,train,568526521910079488
7882,train,569114409613860864
12297,train,570240452588380161
8075,train,568808746689933312
5234,train,569242876909109248
7225,train,569870480993181698
4670,train,569946428547551233
3289,train,568552711840358401
9814,train,569653977714962433
9985,train,569591310589431808
4253,train,567748863449395201
2782,train,568902044561465344
7716,train,569311730540683264
3409,train,568461830584029184
2362,train,569244295921692672
12279,train,570244910563110912
7551,train,569533875308916736
6443,train,567856422030942208
8875,train,567778921812389888
5443,train,569017002439761920
5452,train,568992290833899520
10687,train,568977086922297345
12464,train,570177745759678466
2926,train,568828543423123456
404,train,568195292803129345
2105,train,569366337929105408
12867,train,569996776436068354
4152,train,567804350040416256
11652,train,567848107456749569
846,train,570053912214024193
5197,train,569262065988308993
14140,train,569661937203572738
11274,train,568248151368269824
7369,train,569638848214507520
10319,train,569372595067490304
10163,train,569512656274468864
11822,train,567735337246806016
5026,train,569520929128251392
4324,train,567592368451248130
11063,train,568544549536198656
8443,train,568254137676242945
10159,train,569514501730643968
14025,train,569676304154554368
11282,train,568244508837736449
7089,train,569938559836299264
1799,train,569580180353609729
13584,train,569818697113702400
12621,train,570085896319401984
4340,train,570301794850639872
4519,train,570076090917650432
8955,train,567719957686136832
4072,train,567837709093347328
10885,train,568803508784275457
3404,train,568463707795095552
2710,train,568947542899052544
10127,train,569527721916796929
7800,train,569236645180018689
7261,train,569721150156230657
6982,train,569966440381595648
7043,train,569948131397410816
12514,train,570135205123530752
2648,train,568971802015170560
10584,train,569162593819955203
9905,train,569621548446957568
10047,train,569558096613380098
4992,train,569567028136296450
13754,train,569724545738760192
11809,train,567745702231830529
5138,train,569313734566547456
762,train,570092599316389888
8417,train,568397325820956672
379,train,568434482270707712
6049,train,568413365254488064
11843,train,567729414822449152
2436,train,569209084144005120
14468,train,569611482234687488
991,train,569972039844438016
5217,train,569255280275369984
3547,train,568276144107200512
2246,train,569298712247312384
8360,train,568440372206182400
6021,train,568432638823772160
6514,train,567806786331234305
1960,train,569503745974902784
9706,train,569704108095111168
660,train,570217145428090880
3075,train,568731155303956480
6230,train,568107670177239040
6070,train,568308149796474880
1086,train,569932669288652800
5547,train,568905924217217024
12361,train,570219877006503936
8633,train,568095014435229696
7302,train,569678787383857152
12914,train,569981722470834176
4462,train,570237762063831040
8290,train,568527922576777216
11943,train,570290034009636865
14636,train,569587371693355008
4580,train,569998122241232896
466,train,567813046811525120
6761,train,570293669628157952
11253,train,568284538914385920
11852,train,567728285174743041
10891,train,568796449863028736
2283,train,569276854458310658
7886,train,569103956795904000
4376,train,570281719074566145
1604,train,569647413285265408
8821,train,567817897893982208
8435,train,568279415370735618
7899,train,569044397645385728
775,train,570085589011148801
6250,train,568095623875964928
12903,train,569984380061351936
13589,train,569817130801221632
13690,train,569745948437569536
761,train,570092741654401024
11622,train,567866540424560640
6167,train,568169352383602688
13531,train,569839377104285696
2543,train,569102054922129409
8411,train,568412747324485632
7967,train,568920607347384321
13736,train,569730747675897856
4815,train,569701794714128384
11634,train,567860107960324096
10988,train,568634603885502464
3482,train,568396209091702784
10559,train,569183862493810690
9572,train,569870374638235649
416,train,568140010458894338
4997,train,569558600353390592
6659,train,567740235061014528
4584,train,569995730951147523
9410,train,569946740855582722
13140,train,569931363505315840
11101,train,568505005633880064
3560,train,568268831228964864
8614,train,568109390026448896
88,train,569920824905306113
9896,train,569623396729917440
8976,train,570306715880706049
1355,train,569780773194113025
9870,train,569632283046469634
8092,train,568798853656223745
7083,train,569939057247023104
4869,train,569672091550658560
10932,train,568776950665371648
6858,train,570121321192894464
4309,train,567713896627470336
11436,train,568116534855503872
12951,train,569974423903715328
913,train,570018278946394112
3570,train,568261238444167170
11398,train,568141479132200960
4714,train,569905567960952832
11002,train,568624462863720448
881,train,570039094257938432
5394,train,569149358802759680
7966,train,568920810947272704
5253,train,569230652433936384
14374,train,569625356942098432
14340,train,569631404306210816
6855,train,570173181727674368
9794,train,569663278298890241
1109,train,569923809634947072
811,train,570070877351469057
9432,train,569939301301153792
14259,train,569644759024852992
7758,train,569273777999241216
10435,train,569309864759050240
10008,train,569577771292237824
3525,train,568303933774532608
7453,train,569596394819883008
8642,train,568090890549374976
8832,train,567810661372424193
8987,train,570298036938772483
9393,train,569956170393194496
11891,train,570306423818723328
8008,train,568881791156822017
13940,train,569688669100994561
3617,train,568231586585550848
9856,train,569638479157723136
6417,train,567871270014025728
10552,train,569190606276333568
7006,train,569958895700959232
14563,train,569598942821744640
1412,train,569730182371635200
13236,train,569909945514233857
14494,train,569607124772196352
8365,train,568437285605257216
357,train,568492682152189952
1962,train,569503367757754369
2352,train,569249416462409729
8694,train,568008802865274880
10919,train,568783455338819584
10833,train,568838717303074816
11543,train,568029718173356033
8291,train,568527764812374016
14266,train,569644070470963201
314,train,568790164404899840
11386,train,568154816414789632
1259,train,569863836615864320
8751,train,567873087108161536
10749,train,568911225167474688
13177,train,569920618843521024
9239,train,570038112166002688
698,train,570175513035214848
11825,train,567734790108225536
14244,train,569646854402486272
14032,train,569675637365071872
10110,train,569533159475277825
7644,train,569471837614137344
3505,train,568356641877446656
3793,train,568118981170606080
84,train,569929243146088448
6958,train,569989575793180672
12810,train,570013289188630529
2819,train,568884211739971584
3191,train,568606997546999809
4858,train,569678562136956928
13816,train,569711253490409473
13473,train,569854492126146560
7025,train,569951324508446721
1084,train,569933879299186688
14287,train,569641810571763712
3039,train,568782924302065665
7269,train,569705786408079360
417,train,568136946016522240
4654,train,569956726318850048
7978,train,568910753652199424
4051,train,567850015600685056
7797,train,569238252676378627
304,train,568812046747201537
8296,train,568521960088449025
5945,train,568467150475812864
11933,train,570295174385016832
7581,train,569526325255364609
13228,train,569911005557338113
3184,train,568610311487561728
7630,train,569493046557069313
4555,train,570032108447494144
2555,train,569085424498446337
9913,train,569619075246235648
10441,train,569303779822190593
8475,train,568216861550239744
3322,train,568527393754738688
2987,train,568806138973540352
1817,train,569570477410275328
2878,train,568851396923146240
11967,train,570281010606120960
6630,train,567752048402104320
4638,train,569970729237782528
6171,train,568164059981307904
3350,train,568505228062023680
4267,train,567742500366872576
6448,train,567851763136491520
3889,train,568047159746174976
9883,train,569627069463842816
12327,train,570229557740969984
4416,train,570264856223330304
412,train,568146157534367744
4630,train,569974833418600449
1671,train,569629819559747585
12884,train,569992310563450880
7008,train,569958588837285890
9753,train,569682194236641282
8035,train,568850770331721728
7961,train,568926268772581377
7937,train,568961404067164160
831,train,570059565947101184
11913,train,570299252141903873
398,train,568218962833461248
1858,train,569550779520032770
3104,train,568673332184240129
1275,train,569857072310808578
8254,train,568554542897307648
13565,train,569829233423360000
6785,train,570278619416694784
11257,train,568273310347165696
4261,train,567745016702181376
1341,train,569811013786312704
8153,train,568672781979619328
8909,train,567758065320361985
10522,train,569229441739522048
11831,train,567733511281721344
13862,train,569700071484338177
3243,train,568574014505029632
7859,train,569168473194041344
12736,train,570042155634450433
5993,train,568440587411726336
7712,train,569320520728113152
13906,train,569692064511692801
10359,train,569353454914662400
5880,train,568523935853051906
12832,train,570004771496714241
6697,train,567730704055037953
3101,train,568676876866224128
3787,train,568123356899250176
9199,train,570072227942674432
4300,train,567727403964055552
13725,train,569733719256272896
1601,train,569648492190179328
4133,train,567811268900556802
9733,train,569689324595376128
11089,train,568517386795507712
9719,train,569698937281470464
10886,train,568803073835077632
9429,train,569940889591795712
5123,train,569330414193483776
10741,train,568914516546850816
14248,train,569646347705561088
11698,train,567808893464899584
12160,train,570272235639828480
12060,train,570304633048047616
10761,train,568901905910521856
11,train,570289724453216256
10861,train,568818328132841472
508,train,570306733010264064
4161,train,567800930683609088
10955,train,568761600359993344
14603,train,569592674400907264
4847,train,569683748901367808
10543,train,569202715571703808
287,train,568853685855334400
14464,train,569612028492570624
2444,train,569203010410119168
8385,train,568431356037996545
4727,train,569895344458170368
4307,train,567716403117957120
11162,train,568471991889612800
6645,train,567748089805799425
683,train,570188934564737024
6083,train,568271522332192768
4944,train,569619751124795392
3533,train,568287936820572160
14061,train,569672807715463168
10961,train,568753556498604032
2796,train,568895842293309440
6401,train,567880238962716672
5174,train,569279532261203968
5905,train,568495231877967872
2931,train,568827677001428992
41,train,570025482344898560
6393,train,567887103465496576
3114,train,568662525530628096
10646,train,569016065600008193
3540,train,568281546999754752
9765,train,569676612851134464
7304,train,569676138253049859
3495,train,568375354982842368
10553,train,569190357344358400
6622,train,567753899939860480
1622,train,569641735086858240
1822,train,569569152312213506
3539,train,568281631443841024
7079,train,569939494465462272
7462,train,569585355319599104
1900,train,569528923769298945
8245,train,568560786756366336
10270,train,569418962108162048
14150,train,569661233923629056
2022,train,569470098534207489
10344,train,569360552272769024
4946,train,569617202984255490
11683,train,567820135265759232
2560,train,569077766022246400
3881,train,568056439291256832
7637,train,569484400594952192
1790,train,569584379258900480
9664,train,569745728693784576
9499,train,569905559652012032
5388,train,569153071093297152
14256,train,569645294708609025
2621,train,568987808792223744
13840,train,569703866997952512
12906,train,569983854464921601
4906,train,569666513352806400
9545,train,569883558749335552
3029,train,568788152955092992
10340,train,569361961487478785
1426,train,569723994468962304
4800,train,569716065741045760
5885,train,568518406959312897
7609,train,569509408939487232
2315,train,569261063406882816
13604,train,569803373530128384
8414,train,568401416982806528
1613,train,569645065792069632
14469,train,569611259357863936
13574,train,569823770308939776
10491,train,569253430100946944
8155,train,568668179158806529
9900,train,569623164105433088
6711,train,567723534344933376
9722,train,569697267856187392
12680,train,570064285860171776
8143,train,568727789311889409
4258,train,567746527704018944
12673,train,570066231757180928
8005,train,568884379600224258
2048,train,569433059168260096
13119,train,569935980129447936
8676,train,568041051182616576
9145,train,570119853312311296
7341,train,569660111976689664
4666,train,569951253666656257
5849,train,568549781502496768
12989,train,569966826639110147
2498,train,569164042679377921
338,train,568576829000425472
3178,train,568612680937766912
7603,train,569512447717085185
9091,train,570231786824994816
6619,train,567754223362666496
6978,train,569968023592943616
3810,train,568108909480824832
1701,train,569620354781425665
12318,train,570234676494757888
1639,train,569639288649883648
13308,train,569892297329913856
2604,train,569006044782800896
12127,train,570281470507352064
11467,train,568088090620919808
5737,train,568764097015058432
14264,train,569644332573007873
12960,train,569973105075990528
11276,train,568247480023961600
10428,train,569314643627413504
3775,train,568134171761065984
4930,train,569639587842281473
1013,train,569966422744395776
9196,train,570074077383102464
9763,train,569677827068579840
1918,train,569521081125629953
8413,train,568403649753448448
12137,train,570279118438182913
4543,train,570046710870728704
4791,train,569734069988286464
11299,train,568228746697814016
11448,train,568108522313015296
4796,train,569728483384930304
5161,train,569292859909672960
5218,train,569254331725139968
8534,train,568184134666981376
2116,train,569363188120207360
3280,train,568558050635747328
1461,train,569710072491745280
9248,train,570024174162485251
9614,train,569822645065093121
4700,train,569922730008518656
6487,train,567821242029359104
12105,train,570289085354541058
9037,train,570274302118858752
7786,train,569245342421491712
2121,train,569357781402308608
6087,train,568266994069295105
7566,train,569529020892651521
12858,train,569999091028983808
4568,train,570010703391825920
1035,train,569957053432639488
10984,train,568638610385158145
6766,train,570291817087930369
3719,train,568170564289867776
12071,train,570300262302289920
5171,train,569282844155125761
7623,train,569498511609356288
6530,train,567800574051151872
5710,train,568785762218610690
5570,train,568889116399525888
13180,train,569919793572261888
11584,train,567908764650774529
4271,train,567740187380170752
13793,train,569715908664430593
14385,train,569622656770646016
9742,train,569684917145223170
2676,train,568960570486976513
4310,train,567711860938772480
13752,train,569727135717281792
6893,train,570051731033235456
11997,train,570273710210469888
6421,train,567869456048865281
11173,train,568457955223453696
4872,train,569671596744380416
6016,train,568434790707277824
52,train,570004391731847169
10703,train,568963494390820864
5001,train,569555395339018241
4433,train,570257719334187008
13445,train,569862869241765888
11728,train,567791865823789056
5845,train,568553101587832832
9703,train,569708139517480960
6205,train,568132209330098177
609,train,570252146320351232
11167,train,568464356687679488
6824,train,570227199766179840
2035,train,569453313462132736
6963,train,569984653920210944
4907,train,569666470482804737
8532,train,568186350219821057
12719,train,570046387825410048
1095,train,569928724147077120
13289,train,569895498527727617
13857,train,569700696624246785
5740,train,568763245911126017
12694,train,570058070224728064
12122,train,570282555057909760
13396,train,569873418075672576
8934,train,567734573464027136
8686,train,568023553548922880
6018,train,568434014672916480
14617,train,569591285150908416
4149,train,567804663303798784
4576,train,570005561338503170
2667,train,568963398781808640
10977,train,568644286306242561
8410,train,568413198518329344
8225,train,568588896218587137
4924,train,569644456376340480
9018,train,570284855163883520
6336,train,568052343922507776
1989,train,569490420356374528
9959,train,569600757516914688
8489,train,568209287517835265
13446,train,569862827227402241
6524,train,567802649526976512
2403,train,569226313220947969
10822,train,568846188725841920
1646,train,569636454869151744
3740,train,568159085356384256
3371,train,568489967808327682
12796,train,570017905879986176
12516,train,570133621870174209
9301,train,569992662779961344
619,train,570247428139569152
5695,train,568801542322548737
5964,train,568454986574602240
2261,train,569289995749494784
11774,train,567766633637502976
10277,train,569407067007496192
12833,train,570004519679074304
7604,train,569512252639981568
2646,train,568972438693916672
9094,train,570229647713148928
4147,train,567805001050890240
6416,train,567872411418247169
4296,train,567730143536226304
4392,train,570272778840104960
5268,train,569225085330071554
9283,train,570008684413104128
4076,train,567833916196843520
13466,train,569856784086777856
5302,train,569207912251289600
9370,train,569967965346664448
12253,train,570250617379168256
8129,train,568758241745719297
14445,train,569615444300185600
1885,train,569534882952716288
5690,train,568802316893216769
4594,train,569990034444689408
5042,train,569502753694691328
1069,train,569937143314849792
2575,train,569033988855037952
6145,train,568182386409607168
4423,train,570262460395098112
10806,train,568861573479059456
4916,train,569650294746820609
3982,train,567893704058474496
5299,train,569208236487745536
2037,train,569448465991737345
10280,train,569399153253429248
3095,train,568690023513526272
9570,train,569870445710671872
6910,train,570038962561134594
13879,train,569696864091697152
6101,train,568229659810209792
2084,train,569379726562869248
1399,train,569741325454540800
5887,train,568514819369754624
8511,train,568199579201605632
8061,train,568824366928039936
946,train,569995961570856960
13201,train,569915972758446080
4316,train,567634106058821632
12193,train,570265689589592064
6345,train,568042869505654784
10710,train,568958322306650113
12166,train,570271479616573440
8810,train,567829088380919809
14587,train,569595333899997185
504,train,570307876897628160
3383,train,568475497275002880
8029,train,568855090930429952
6,train,570300616901320704
3484,train,568391639158226944
2655,train,568967598794149889
7199,train,569892141335334913
12986,train,569967897600139264
8418,train,568395094232932352
6408,train,567876290524495872
10818,train,568852246462631936
12490,train,570158980611350528
12966,train,569972513721229312
5049,train,569493077368422400
6160,train,568172001300340736
11277,train,568246970126438400
10840,train,568833970143698944
4761,train,569865675793170432
5247,train,569233955951480832
2206,train,569316508352045056
6618,train,567754504817606656
5899,train,568498076962451456
11880,train,570308064185880577
5383,train,569154652735803392
12563,train,570102251563274242
6614,train,567757771953561600
9973,train,569596364197199873
401,train,568204964742496256
7877,train,569125697530101760
11286,train,568242359928037377
1546,train,569668741484515328
7070,train,569940702425169920
6851,train,570190438281248768
6433,train,567861645084631041
13154,train,569926859699437568
13100,train,569940582572945409
6442,train,567857591222603776
3372,train,568487509958774784
10630,train,569107706302357504
5704,train,568793782164062208
10511,train,569241701434449920
13539,train,569837686367744000
8560,train,568164652821184512
13707,train,569740392372895745
3499,train,568370280415899648
9933,train,569608831816351745
3571,train,568261172610220033
9953,train,569601913832022016
10621,train,569117839308800001
11415,train,568134273628155904
6044,train,568418629236219904
4637,train,569970865607090176
4281,train,567734795849834497
3534,train,568286497796812800
1905,train,569526294477725697
9738,train,569686602940858368
1242,train,569869476453158912
9150,train,570109961511895040
12935,train,569976293573447682
3879,train,568057226776219648
12405,train,570199267668676609
13743,train,569728440758181889
6917,train,570023530466840576
8654,train,568076919146557440
2930,train,568827741832916994
5142,train,569311644934807552
642,train,570232659282145280
5278,train,569220096490483712
3825,train,568096711450566657
12169,train,570270776370311168
10545,train,569198593158086656
5809,train,568581984055906304
8224,train,568588936852799488
13665,train,569763959240200193
85,train,569926998824394752
3860,train,568071159285022720
1928,train,569516736162050048
7913,train,568987540155453440
13391,train,569874933549027328
14525,train,569604243226652672
10906,train,568790015142178816
5127,train,569323555365752833
4532,train,570059381284302848
3626,val,568226940139782144
851,val,570051875652767744
5971,val,568453042816868352
4384,val,570277221916647425
7694,val,569342641571291136
5818,val,568574614110117888
2452,val,569197579956842496
12720,val,570045914347237376
2661,val,568965870178816000
3746,val,568157049344937984
2425,val,569213883371683840
14393,val,569621852718411776
9407,val,569947048574758912
13476,val,569853568200503296
1003,val,569967850670018560
7626,val,569497791623512065
772,val,570086475989061632
2665,val,568964534083268608
11393,val,568148808993013761
13500,val,569846990076387328
4250,val,567750428595871745
8184,val,568631189856264192
13804,val,569714755109294080
2214,val,569310731486699520
4648,val,569961503308189696
1217,val,569880322487263232
10623,val,569116333998256129
8825,val,567814010914222080
5470,val,568965309505380352
12363,val,570219379696148480
11203,val,568438142673555457
6075,val,568294699515187200
8117,val,568773939754889216
9445,val,569935531213086721
7477,val,569576214047760385
14474,val,569609970007674881
4105,val,567822377473728513
2254,val,569295556729823232
390,val,568307768551026688
13093,val,569941389208719360
6222,val,568111779705958400
5006,val,569552378812194816
2205,val,569316547673526272
7212,val,569884951207813122
13145,val,569930406591664128
9726,val,569694350831161344
2905,val,568835255722860544
5581,val,568883988338581504
7624,val,569497966660218882
6535,val,567796276100886528
7674,val,569358956549681152
1669,val,569630050972143616
8382,val,568432609866457088
1150,val,569913736774823936
9329,val,569983587572789248
8696,val,567995970232795136
93,val,569911674158731264
7672,val,569364383652044800
1312,val,569838593423708160
13063,val,569948991569264640
3287,val,568553014786547712
6881,val,570066175008350208
12857,val,569999295631527937
10244,val,569464183374385152
2361,val,569245240336330752
11139,val,568482893913333762
5226,val,569248904866336768
10944,val,568773342053969920
5386,val,569153249917452288
4616,val,569977907222880256
8594,val,568132912761208832
8042,val,568842695864504320
13130,val,569933901944066048
12700,val,570057416718491649
5329,val,569186384121954305
12132,val,570280378193330180
5932,val,568478536715120640
4909,val,569660864653099009
8721,val,567904873246781440
8377,val,568433716206436353
13842,val,569703641096933377
11977,val,570279036582109184
8082,val,568805624164851712
13917,val,569691155606183937
14332,val,569631860885577729
10017,val,569571654998888448
14380,val,569623961224351744
9504,val,569900620095856640
1801,val,569579575291875328
1271,val,569858507341606912
522,val,570298027103162368
1723,val,569616634601717760
11497,val,568070386627305472
2228,val,569306599577112577
8760,val,567869962800472064
4838,val,569687540644642817
2791,val,568898792755470336
5004,val,569554065606074368
4933,val,569638063825154049
10602,val,569136628301729792
2180,val,569327646917537793
8019,val,568862787193081856
2569,val,569049391337578496
2127,val,569350924633812992
4912,val,569657389722550272
9561,val,569874973021622272
8371,val,568435677190336512
3541,val,568280611552681985
847,val,570053838499143680
7123,val,569929075894194176
1623,val,569641686101585921
13889,val,569695048889028608
14029,val,569675979284721665
599,val,570259131879309312
9276,val,570012047917907969
1497,val,569697793801134080
3662,val,568201465958772736
1504,val,569695452368670720
12216,val,570261328511643648
10463,val,569277895224516608
4726,val,569897334760448000
13788,val,569717632993263616
963,val,569988297633583104
751,val,570100438487314432
13172,val,569921082708389888
8595,val,568132703738077185
10379,val,569342681551400960
3858,val,568072822955896832
7760,val,569271994212069376
14492,val,569607509167595520
11666,val,567840122454052864
4063,val,567844774994014208
7532,val,569541478244089857
5716,val,568781747128803328
8711,val,567915499868131328
9179,val,570082431304392704
9573,val,569870248779902976
12421,val,570193599977148416
1606,val,569647174277042176
13280,val,569896560936374272
2806,val,568890960358166528
2492,val,569168884798005248
8568,val,568158732930191360
5496,val,568946502615179264
7735,val,569297850456109056
10945,val,568772824523001856
12518,val,570132410588917760
7592,val,569522690261950464
7709,val,569328773876871168
4012,val,567873519356284928
14015,val,569677513539981313
1925,val,569517323180236800
7417,val,569620910019182592
5381,val,569155666440355840
11164,val,568469645843279872
3653,val,568204808122974209
10286,val,569392511732588544
808,val,570072252026376192
1967,val,569502353797173248
14637,val,569587242672398336
7628,val,569494958006263809
8720,val,567905158346207233
1675,val,569628591475924994
10546,val,569198480226439168
11076,val,568531781835571200
8863,val,567792966690168832
7175,val,569920656621465601
10920,val,568782732358258689
10335,val,569364610572259328
4684,val,569937119411462144
9713,val,569701192449654784
11313,val,568218389619077121
12171,val,570270444646850561
11968,val,570280755252895745
1308,val,569839559728439296
1127,val,569919020784185344
9822,val,569651085348110336
14247,val,569646601398067200
5436,val,569025555343007744
4656,val,569956564993310720
11278,val,568246736222879744
14359,val,569627784626229248
3271,val,568562512284659713
6735,val,567702414157824000
7734,val,569299428068233217
1078,val,569936014094897152
2114,val,569363354428567552
3989,val,567886909516685312
6730,val,567715917983776772
10039,val,569559847131164672
4540,val,570050691173101568
5684,val,568808165636214784
6976,val,569968197224439809
5327,val,569189483469410305
13293,val,569895176631554049
2606,val,569005718365298689
2815,val,568885117373927425
9666,val,569734884396302338
12308,val,570238052943208450
7211,val,569885859954229248
4495,val,570205088595058688
2186,val,569324295635247104
13115,val,569937638674829313
786,val,570081552891125760
1055,val,569948910099308545
229,val,569209566715469824
12936,val,569976030708047872
10907,val,568789565483454464
12663,val,570069642976239616
10012,val,569575176322424832
12099,val,570291157340704769
11234,val,568386017037672448
651,val,570228446053470208
4401,val,570270848201797632
9146,val,570114300888678401
10851,val,568824786337574912
8788,val,567847163465764864
14185,val,569657523944366080
1726,val,569615644448186369
4284,val,567734128011784192
14192,val,569656727995600896
10246,val,569463202817417216
12930,val,569977585003827200
2556,val,569083899478994944
9943,val,569605258621661184
11837,val,567730833998757890
12817,val,570009017625526273
13885,val,569695998894673920
8574,val,568155933832044544
13015,val,569959876706885632
10284,val,569393942296432640
6526,val,567801559788068864
10729,val,568933672033910784
5160,val,569293499968950272
12307,val,570238126611963905
12523,val,570128633957736448
11376,val,568162061278011392
14504,val,569605930146353152
11351,val,568175323470290944
12326,val,570230559693078528
5450,val,568998681715695618
9932,val,569609621834301440
12783,val,570024324666564610
5194,val,569263177784905729
6715,val,567722844319404033
6642,val,567748330734641152
14351,val,569629822789365761
11330,val,568208413286477825
10361,val,569353230007664640
8449,val,568244687477161984
14304,val,569638919131627522
1076,val,569936273227427840
13860,val,569700252321755137
4073,val,567837314782765056
3502,val,568363838158065664
5203,val,569259645019275264
8668,val,568045949999661058
8552,val,568172398161354752
4172,val,567794720425144321
2264,val,569287433008754688
9355,val,569970608693493760
3689,val,568185516971204608
3014,val,568797966489690112
12775,val,570029442514333698
12403,val,570201172985974784
14157,val,569660166959865856
4167,val,567797894431117312
9971,val,569597328522387456
8109,val,568781140217049088
7249,val,569763942144176128
4801,val,569715248720007169
4477,val,570217918195220480
1682,val,569626655527981058
2536,val,569117696610185217
8957,val,567716378681933825
1368,val,569758414810849280
13024,val,569958224968982528
7885,val,569109515657826304
1027,val,569960311022850048
4366,val,570285979753443328
6935,val,570007995813273600
12982,val,569969267589947394
13705,val,569740739912949760
3065,val,568752875205238784
2096,val,569368621077692417
12388,val,570205132094349312
11706,val,567803627714138112
6914,val,570030390309552128
7426,val,569617776509378560
6280,val,568084860008570881
14627,val,569588816438169600
14441,val,569615983205347329
9516,val,569895100526039040
1465,val,569709350903631873
10299,val,569382354529030144
13890,val,569694591290646529
14592,val,569594123222585344
2793,val,568897992712802304
5409,val,569132950006185985
7401,val,569625782181617664
6078,val,568281771298521088
11984,val,570276196405125120
6127,val,568202855166967808
1563,val,569664250521763840
10063,val,569552947903754240
6920,val,570020255793352704
7271,val,569704700490219523
13174,val,569920778306584576
10056,val,569555929798217730
5918,val,568489413262610433
10895,val,568794464749264896
12447,val,570183052401508352
12875,val,569993908324663296
9639,val,569759459632750592
7352,val,569650423318982657
1964,val,569502953851252737
11691,val,567812687893262336
4203,val,567780426601996288
5744,val,568760785113120768
11727,val,567793072060276736
3714,val,568176078595985408
7311,val,569672510565969920
11111,val,568496915211538436
13977,val,569683041578192896
5183,val,569273733334077440
11492,val,568073698877554689
9631,val,569764668366938112
14083,val,569669603443519490
13490,val,569850259507154944
9321,val,569985760482365440
13011,val,569961111086362625
12910,val,569982323598368768
10530,val,569223482791366656
1493,val,569698949474291713
14104,val,569666202634743808
9450,val,569932207311048705
11881,val,570307949614256128
3221,val,568588522069733376
4301,val,567726860638101504
987,val,569973088076460032
768,val,570088980278059008
12611,val,570087950156898305
5358,val,569168436280098816
1028,val,569960085654364160
13091,val,569941858132070400
2267,val,569286569548320769
10102,val,569536168301211649
5647,val,568836930550534145
13978,val,569682961345470465
5084,val,569358458404802561
9195,val,570074662086045696
4529,val,570062116096331776
10380,val,569342508553121795
11862,val,567725387904720896
13726,val,569733572606763008
5871,val,568531187481706496
6032,val,568427566916345856
3284,val,568555130624217089
3506,val,568356065428918272
1628,val,569641319712169984
4108,val,567821166775156736
2370,val,569242111100514305
4472,val,570222625621831680
13425,val,569866669243265024
3469,val,568416493446270976
11090,val,568516267440631808
13558,val,569831634817708032
5642,val,568841522663329793
11724,val,567796792847499265
9467,val,569921646057926656
1236,val,569872896199258113
63,val,569986782567071744
12743,val,570040750412406784
11490,val,568074163270905856
8083,val,568804502645706752
12056,val,570305264613765122
13703,val,569741783896367104
10523,val,569229135752642560
10014,val,569572536834498560
7827,val,569224171303145473
2243,val,569299492127842304
8671,val,568045397408661504
6438,val,567859338615865344
13646,val,569774692371820544
14285,val,569641880276893697
10354,val,569356513061556225
2451,val,569197921150902272
9036,val,570274417546113025
3536,val,568282692845842432
12458,val,570179455911481344
7193,val,569899413558169600
49,val,570009713447825408
8637,val,568094199586938880
10501,val,569246231500685314
14555,val,569600291290656768
13245,val,569907019081228288
764,val,570091216013955073
2554,val,569086687336222720
7878,val,569125454684278785
354,val,568511474580066304
10962,val,568751669892268032
7166,val,569923825179054081
9672,val,569727223357427712
10478,val,569263677234388993
13951,val,569687163136315392
9337,val,569977263191662595
12321,val,570233809129467905
1094,val,569928758024667137
270,val,568920614716600320
1523,val,569683647990599681
8848,val,567801642633162753
13067,val,569948507018129408
8204,val,568611474416906240
13526,val,569841476240166912
3497,val,568372335012679680
1116,val,569922479734595586
7112,val,569934977963573248
7642,val,569474081202032641
1831,val,569565776010567680
2635,val,568982253553844225
6186,val,568148009722073089
8874,val,567779535307800576
6235,val,568105722413649920
14062,val,569672361890295808
1496,val,569698085821001728
11524,val,568053242426470401
13727,val,569733547843457025
3844,val,568086132346322945
1293,val,569849517077622786
3467,val,568417968230694912
5310,val,569206071081832448
1322,val,569831129773027329
8327,val,568486660410908674
5538,val,568913108153946112
1111,val,569923045571350528
7756,val,569273795850178560
2397,val,569229796401684480
902,val,570023071698055168
13785,val,569718162595426304
7519,val,569548188375326721
13946,val,569688050386620416
1045,val,569953683309514754
12456,val,570179813845147648
7528,val,569542385627230208
8210,val,568603024320434176
4102,val,567822648047321088
9891,val,569624406437306370
14424,val,569617894666997761
4478,val,570217425100148738
7081,val,569939281084583937
5425,val,569089388350738432
9618,val,569817051482726400
14306,val,569638503199285248
4851,val,569682747712770048
10339,val,569362149400838144
7766,val,569266679903080448
9519,val,569894295953645568
11718,val,567800771774001153
14084,val,569669381128654848
1060,val,569945386569363456
10508,val,569242046621491200
13416,val,569868201720287232
1338,val,569813752268374016
11630,val,567860775752208385
3336,val,568515696197439489
13107,val,569938864028012544
4184,val,567790926857531393
12118,val,570283851018317824
7723,val,569305802487439360
11341,val,568192271453188096
13928,val,569690252450799616
8689,val,568017916161085441
10745,val,568912730742255616
5045,val,569496793668591617
13406,val,569870252508635136
10415,val,569322901691707392
12619,val,570086434410930176
8384,val,568432328902610944
9548,val,569882980992335872
12927,val,569978119530029056
13841,val,569703802783145984
3144,val,568640385117003776
10874,val,568809327298883584
2660,val,568965883730776065
14103,val,569666226974294016
12142,val,570276434763128833
9411,val,569946472751476737
6273,val,568085714744684544
13541,val,569837650984751104
9017,val,570285070184898561
3353,val,568503174413225984
13369,val,569880374651650048
11317,val,568216196132302848
4682,val,569938799397990401
5431,val,569075205106229248
10125,val,569528409723969537
11916,val,570298679250305024
2166,val,569332072185249792
1227,val,569875783096741888
10698,val,568966330315091968
12275,val,570245433466884096
10805,val,568861899435016192
793,val,570079549914005504
3227,val,568583360811016192
2080,val,569380923847909376
1880,val,569538703732772864
13197,val,569916590814203904
4396,val,570272015598411776
4828,val,569693012885770240
13299,val,569893723091238912
6118,val,568212443433865217
12236,val,570255853296746496
13872,val,569698461911683073
14572,val,569597666025345024
9085,val,570237453229019137
8366,val,568437189694111744
4863,val,569675004482351104
5162,val,569292280000962561
5318,val,569202278298755072
4132,val,567811306900975616
3784,val,568128387576762370
124,val,569675144353828864
9958,val,569600989055086592
2848,val,568870394708545536
6546,val,567785042891567104
3245,val,568573570114134016
13436,val,569864791323320320
3110,val,568668364144398336
4492,val,570206560439308289
12254,val,570250566573674496
559,val,570278024303775745
6077,val,568284092707401728
951,val,569992543875653633
8804,val,567836118181277696
9020,val,570280852791422976
12965,val,569972721901277184
3375,val,568484777336172546
10068,val,569551374867939328
7007,val,569958873819279360
10338,val,569362336991092736
741,val,570106573395087362
9287,val,570005004012138496
10467,val,569273247252008961
4650,val,569958189862486016
9110,val,570215793511825408
6328,val,568054955967418368
12888,val,569989697449140224
11077,val,568529856977199104
8941,val,567731794498174978
13893,val,569693808914522113
4756,val,569872363170373632
11004,val,568622478081306624
9394,val,569956147433574401
12411,val,570196895383080960
5609,val,568866106317746176
10085,val,569541879441858560
4542,val,570049195446444033
6392,val,567887437998997504
3970,val,567899010045988865
2059,val,569415643474362368
8256,val,568554107952177152
8423,val,568387402810728448
452,val,567899492885745664
13774,val,569719693780496384
10917,val,568785393358905345
8269,val,568544467944407040
1380,val,569748884164988929
2371,val,569242047917502464
1193,val,569900131488632832
8669,val,568045766280933377
4798,val,569726038932111360
9668,val,569734821091487744
13365,val,569881004262989824
10266,val,569421478460063745
2298,val,569272664344428545
5957,val,568460395544862720
8794,val,567843889748418560
13844,val,569703417628770304
7651,val,569435866902302720
4327,val,570309145276125185
3481,val,568399913358221312
14337,val,569631648674766848
2974,val,568810539939459072
9099,val,570224746652160000
8481,val,568214147025870848
12785,val,570021871577477120
5967,val,568454304488673280
9613,val,569824422279950336
7521,val,569547374454050816
12718,val,570046633418891264
4938,val,569627946459275264
6454,val,567843014300692480
10250,val,569457108355289088
858,val,570049923858567168
6496,val,567816909816635392
2715,val,568942578026086401
414,val,568142526110019584
11204,val,568436081303158784
10355,val,569355923396780032
2994,val,568804253151731712
8902,val,567761644802293760
7075,val,569939924964630528
8212,val,568602701623218177
1802,val,569579474762608640
12028,val,569699455919726593
4140,val,567806898549051392
11350,val,568175505314336768
5760,val,568639461648502784
8050,val,568836365309190145
938,val,570000364692484099
13972,val,569683866908286976
371,val,568457140894969856
598,val,570259311315836928
13909,val,569691772000931840
11892,val,570306260010176512
6758,val,570295207763316736
8401,val,568423886762569728
11430,val,568119831519739904
10393,val,569336493224955904
4937,val,569628970267705344
2776,val,568903773491306496
3718,val,568170840174538752
5021,val,569526101669769217
204,val,569253311813185537
5620,val,568856823048089600
8836,val,567808014725464064
3113,val,568662835829415936
602,val,570257564023128064
10764,val,568897700315435008
1050,val,569951384390344704
12108,val,570288167242375168
10448,val,569294079835705346
10054,val,569556399585402880
8774,val,567856127246999552
3216,val,568590189582536704
5578,val,568884731489562624
501,val,567728227465310208
8287,val,568529886920335360
1279,val,569856109613166593
1519,val,569684963777503232
9254,val,570021301223604224
14562,val,569598991463268352
9651,val,569757907048202240
9845,val,569643648910028801
12890,val,569989551051177984
6817,val,570233869212856320
10302,val,569380739285786625
5734,val,568768874037915648
10185,val,569500607637262336
2446,val,569202656486432768
1292,val,569849765711769600
2310,val,569261989735718914
12046,val,570307369328095232
310,val,568795484283736064
6796,val,570264515285266432
11439,val,568113981866446848
9399,val,569950482665308160
11114,val,568496664677363712
6211,val,568126169008218112
2549,val,569093984640995328
11108,val,568499798099304449
12148,val,570275726483542016
8380,val,568433045805465600
12128,val,570281010606120960
2674,val,568961737715789824
6004,val,568438018572300289
10353,val,569356553977012225
2182,val,569326818697871360
11721,val,567799968279560194
3046,val,568775278505414656
7337,val,569665692770967552
14308,val,569638441803075585
13300,val,569893716711747584
2802,val,568893623099654144
7901,val,569017837576069120
6995,val,569961170389618688
11818,val,567737598115082241
7095,val,569937891788505088
12919,val,569980631548973057
9568,val,569870924410970112
9966,val,569598915722518528
6539,val,567791182199197697
12201,val,570264159687806976
14027,val,569676227981791232
57,val,569990222609412097
1677,val,569627778892443648
13440,val,569863871030292481
9480,val,569912963273879552
4078,val,567832640289579008
12798,val,570017634495787009
6836,val,570212047692161025
861,val,570049295040307200
1953,val,569504786879528962
9342,val,569973204263034880
2377,val,569238938042421249
971,val,569983826245496832
10561,val,569182050219126785
5961,val,568457761366781952
12384,val,570208992439312384
8820,val,567818156607074304
835,val,570057930332102656
13242,val,569908067762094080
8338,val,568473686178717696
5645,val,568839199773732864
1174,val,569905534020820992
2144,val,569340120790233089
2639,val,568976326666768384
600,val,570258760200953856
10370,val,569346721173655552
5468,val,568969143581413376
13134,val,569933008217755648
10515,val,569238450794209280
4501,val,570198775203016704
6202,val,568134503987851264
14170,val,569659230929555456
11928,val,570296572375900160
5943,val,568467596414210049
11075,val,568533394402861056
10768,val,568895050601508865
13501,val,569846963350454272
7792,val,569241776617160704
436,val,568068214325784576
8989,val,570296537433186305
4363,val,570287513874669568
122,val,569737603617943552
13400,val,569872132269682688
3802,val,568112237765722113
1008,val,569967305859293184
13702,val,569741854565998593
8796,val,567842726861021184
8539,val,568178422175948801
4507,val,570187432815013888
11614,val,567875699056467968
7155,val,569924676715220992
4871,val,569671908251213824
2611,val,568998609590419456
31,val,570094701371469825
276,val,568897315458691072
7461,val,569585827019399168
2508,val,569153669867945984
9873,val,569629882323496961
7929,val,568967907042037761
1404,val,569738845895335936
1473,val,569705870830874625
13301,val,569893516609847297
10366,val,569350289729458177
5743,val,568761996973379584
10325,val,569370553963786241
5031,val,569514047554453504
14589,val,569594855556452352
9994,val,569585968610615296
13283,val,569895927273517056
5189,val,569268243854192640
1145,val,569915182329286656
12605,val,570090252544708608
2232,val,569303395460259840
6322,val,568055996884619264
5018,val,569531018643955712
12811,val,570013116857237505
3001,val,568803061361025024
5019,val,569528523418775552
8467,val,568231725970505728
5742,val,568762437832478720
7181,val,569911600934752256
6359,val,567982055503622144
14478,val,569609396461936640
1264,val,569861240375386112
12909,val,569983030108024833
7759,val,569273297491378176
71,val,569949891163615232
1890,val,569532005320253441
4888,val,569668198389436416
5723,val,568778893085290496
9638,val,569759558777892864
7666,val,569373511455776768
8263,val,568547839636332544
11777,val,567763837055954944
4812,val,569703794453295104
633,val,570236014238699521
3067,val,568751415390285824
6294,val,568077930783485952
13999,val,569679254495100928
8444,val,568253469129187328
13749,val,569727488131092481
13413,val,569869374103793664
3843,val,568087085120233473
3839,val,568089179520954368
7297,val,569683366632493056
9171,val,570084337099673600
10569,val,569174820308590592
3584,val,568252805036638209
10464,val,569277477652172800
7690,val,569343882389016577
12737,val,570042096242917377
14265,val,569644168584105984
12745,val,570039635541274625
7962,val,568925181848227840
11373,val,568163426343784448
1224,val,569877754801360897
5261,val,569226248393662464
12445,val,570184234498805761
7554,val,569533394025099265
13808,val,569714003653431296
755,val,570097432383651840
5670,val,568823099182985216
11545,val,568029222574407680
13566,val,569828817960869888
11279,val,568245800788221953
9024,val,570279106090274817
8163,val,568645379031347200
12938,val,569975659730051072
13512,val,569844262461972480
2617,val,568989506784722945
9768,val,569673622505328640
7159,val,569924375723560961
7775,val,569254216415481856
538,val,570290540274688001
1528,val,569681499928158208
5312,val,569204914649489408
6444,val,567856355907760128
6968,val,569979057028227072
12376,val,570214789487693824
2833,val,568878265814949889
6680,val,567735766416392194
1503,val,569695553644322816
1253,val,569865190822572033
12711,val,570050754158800896
5801,val,568587228353585154
7115,val,569932678688055296
4604,val,569984682873352192
12498,val,570146348613406720
2345,val,569251080598478848
12604,val,570090452809949184
668,val,570210145239592960
12812,val,570011304221667328
6870,val,570076673162543104
10547,val,569196701401128961
2454,val,569195472650268672
876,val,570041112624295936
12644,val,570078022201532419
4844,val,569684626949718017
11218,val,568411114448523264
7491,val,569571492947742720
2213,val,569312077954854913
5949,val,568465058264698880
14191,val,569656756764217345
8430,val,568378598043852800
6220,val,568112578989137920
8236,val,568569739225604096
1254,val,569865115291533312
7192,val,569899437662863360
3376,val,568484603658420224
8150,val,568679098920206337
11990,val,570275450200711168
7173,val,569921467552567296
4999,val,569556215375613952
13189,val,569917824078090242
12887,val,569990229576196098
3623,val,568228505160433665
4674,val,569944061848760320
10346,val,569359793800024064
12976,val,569970318305046528
746,val,570104913390206976
4676,val,569943306613886976
6721,val,567721738155622401
375,val,568451468560187393
4981,val,569586098772578304
818,val,570066634976555008
14290,val,569641676244791296
3288,val,568552943005224961
7516,val,569550230376423424
5776,val,568613712858198016
6883,val,570065109961322496
2514,val,569147852217135104
9361,val,569969506740674560
8080,val,568806899275018241
2400,val,569228668918222849
9718,val,569698944084680704
9575,val,569870036992593920
2324,val,569259152746221568
14204,val,569654393898864640
8100,val,568794248654426112
1798,val,569580197709783040
12697,val,570057855358935043
14551,val,569600694388445184
10860,val,568818512191471616
1206,val,569887452384481280
5364,val,569165378359656448
7286,val,569687874288914432
1041,val,569955551951622144
7562,val,569530195306258432
639,val,570234734942523393
11287,val,568241989453393920
9987,val,569589028590391298
11799,val,567754056924672000
450,val,567946319349706753
545,val,570286100637466624
2925,val,568829906584346624
10209,val,569488962324172801
11419,val,568129940371214336
6543,val,567788514952368129
5285,val,569215124562554880
10813,val,568854243097976832
82,val,569933405506310144
10929,val,568779110710964224
11616,val,567874275388043264
6946,val,570000250225754114
6793,val,570267535515324417
13595,val,569811246096064512
14276,val,569642989515112448
10272,val,569417702764363776
1986,val,569491295766343681
12612,val,570087510941962241
2463,val,569188967180058625
14230,val,569650273091584000
13528,val,569841119783202817
513,val,570302023993831425
1992,val,569487167191425024
9925,val,569612804350717953
7320,val,569671000486502400
6463,val,567831245260005376
13817,val,569710876682366977
12509,val,570137359787827201
11092,val,568514293441757184
13213,val,569913899648098304
321,val,568662343170674688
13433,val,569864892695490560
70,val,569961866224652288
6527,val,567801079388471296
4197,val,567786135904980993
8921,val,567746576626356225
5199,val,569261053927919616
3980,val,567893924699770880
2193,val,569321654842564609
2995,val,568804026789138433
8460,val,568240338164252672
12380,val,570212118059995136
1933,val,569514430393913344
10067,val,569551779752386560
686,val,570188353984958464
3742,val,568158656522539008
12185,val,570267287883616256
2240,val,569300959911768064
10506,val,569243185832169472
433,val,568083179023650818
5362,val,569165654848204800
12263,val,570248695670841344
10034,val,569561389121060864
8301,val,568509343047352322
6596,val,567764660683857920
7360,val,569646004254998528
8101,val,568789117426921472
351,val,568517565548339200
6702,val,567728679426326528
6639,val,567749206236880896
3598,val,568244663154393088
2251,val,569296585697464320
3851,val,568081281910587392
366,val,568469942711885825
6327,val,568055034296049664
9683,val,569719741906075648
5777,val,568613245839224832
5334,val,569183494259273728
7872,val,569143528397254656
12922,val,569979612865925120
2572,val,569035174328934401
578,val,570271064141352960
8185,val,568630308284850176
9164,val,570085487261700096
8189,val,568626423273017344
13438,val,569864689452077058
6244,val,568100987887427584
1251,val,569865827274657792
14453,val,569613661045690368
2652,val,568968480717983744
2962,val,568815263900180480
6552,val,567782794261438466
7374,val,569634575653183488
2226,val,569307466896424961
3451,val,568432918110064640
14450,val,569614917826965504
2564,val,569075352888176640
362,val,568481985221537792
9093,val,570230527032229889
7711,val,569322419036356608
7060,val,569945451564277760
5666,val,568827958527275008
6489,val,567820352329523200
11424,val,568127477555441664
11863,val,567725304958160896
3824,val,568096772939067392
5587,val,568882321119510528
9430,val,569940462678749186
1824,val,569568158584950787
5611,val,568862460519813120
8174,val,568635298759860226
8103,val,568786394656722944
9177,val,570083458925490176
6822,val,570229813937463299
528,val,570294445020733440
3312,val,568535502996905984
14502,val,569606093393010688
6500,val,567814095626575873
1908,val,569526070615138304
3527,val,568298659537915904
6674,val,567737617031380992
11166,val,568465174702772226
1781,val,569588138273865728
702,val,570172921102143488
8918,val,567749860611211265
14042,val,569674565074481152
7448,val,569602974671990784
2473,val,569183712606179329
10947,val,568770125114929152
2408,val,569224824066842624
10057,val,569555517502300160
9035,val,570274750821486592
3283,val,568556238012678144
11812,val,567743200614289408
4908,val,569665019899572226
9392,val,569957315568394242
9758,val,569679976053805056
11983,val,570276245960835073
9215,val,570058295689523200
3532,val,568288672627318784
4336,val,570302532955844608
13135,val,569932833709527041
12310,val,570237399932018688
8812,val,567827488736419840
13326,val,569889964445470721
4598,val,569989082719358976
8876,val,567778149132664833
1167,val,569908123550375936
13007,val,569961680530247681
8206,val,568608189089869825
8868,val,567784566614540289
6176,val,568157733746294787
12117,val,570284054605639683
340,val,568571772251082752
8378,val,568433301880479746
8777,val,567853054348754944
12837,val,570002971678756865
12223,val,570258656383639553
13448,val,569861417689419776
1872,val,569543791176257537
10234,val,569470776576880640
4378,val,570280800244994048
10892,val,568796187299606528
2933,val,568826225621405696
4861,val,569675861160386560
10641,val,569033300662218752
4697,val,569924393976987649
12375,val,570215106426114048
9922,val,569614422496444417
13517,val,569843488969371649
13252,val,569906035269324800
11289,val,568238605036064768
5861,val,568539290344402944
12786,val,570021795123699712
9863,val,569633323997212672
3074,val,568731785019990017
12968,val,569972047931002880
4213,val,567772765756080128
8415,val,568400398748266496
5965,val,568454606675529731
1398,val,569741366642618368
262,val,568942331921092608
5335,val,569183099495383040
10959,val,568759575807184896
6194,val,568140628959358976
12713,val,570050603927392257
1599,val,569649006986407936
10334,val,569364758681559042
11803,val,567752558207586304
4967,val,569598511483789312
9995,val,569585747503611905
576,val,570271367519604737
5815,val,568575335148580864
6679,val,567736166787850240
9819,val,569651499422375936
13543,val,569837191540551680
12277,val,570245367607857153
2949,val,568818346042339328
13447,val,569862449559527426
2155,val,569337830184345601
13681,val,569752206343348224
9047,val,570270772746461186
13137,val,569932216966516736
2369,val,569242387878428672
1125,val,569920406737432577
10778,val,568883598281076738
7097,val,569937767775510530
11429,val,568121535233458176
4297,val,567729696662511616
8919,val,567749243658858496
12078,val,570298644475346945
2170,val,569330683623186433
3293,val,568548205421563906
948,val,569995706909503488
12070,val,570300355843661824
11902,val,570303383782989824
11184,val,568450712314753024
6365,val,567935883086688256
10486,val,569258934864781312
2818,val,568884344221081600
14407,val,569620452043317249
22,val,570259420287868928
7010,val,569958127258497025
11499,val,568069363280035840
14270,val,569643388611330048
4448,val,570250252382416896
8310,val,568498446216400896
6587,val,567767201286205441
14356,val,569628431236911104
12288,val,570241221303468032
5707,val,568787787815776256
13693,val,569745528382038016
9419,val,569943774253621248
8239,val,568567970450055170
8509,val,568201002731622400
4661,val,569953672861388800
1102,val,569927630469894144
5697,val,568800246433775617
4101,val,567822779501846528
1118,val,569922145264009216
6809,val,570239998383038464
4595,val,569989812637167617
5794,val,568590782640164865
8119,val,568768028831289344
14507,val,569605699308818432
11125,val,568491593512198144
12397,val,570202173172281344
11283,val,568244413031448577
7300,val,569679240586764288
2207,val,569316417226600448
10897,val,568793221809250304
9380,val,569961117235191809
7050,val,569947389383065600
14372,val,569625607476158465
9579,val,569867947130421249
665,val,570211810038521856
12369,val,570216960321044481
5676,val,568818427579793409
2609,val,569002384258502656
2252,val,569296356143050754
9495,val,569906167947898880
10862,val,568817526823456768
12451,val,570181700036087809
2813,val,568885556718907392
10682,val,568982821454245888
9677,val,569722436935151616
2804,val,568893072001646592
11177,val,568455524599132160
7864,val,569153142526332930
5968,val,568453988758233089
2395,val,569231858485080066
11291,val,568235890205532160
4939,val,569626389944659970
5619,val,568856846523502594
1334,val,569815968194678784
11638,val,567859008230563840
14286,val,569641841454239744
6734,val,567704339448209409
7207,val,569888931443052544
4438,val,570256052966395906
13146,val,569929944291127296
13223,val,569911608278974465
7916,val,568983464172584960
12537,val,570122183072092160
5435,val,569030463760650241
4126,val,567812841081688064
12225,val,570258457804189696
4956,val,569607647051317249
9041,val,570272465299083264
12449,val,570182283665088512
12383,val,570209266264449026
5463,val,568973617687625728
3448,val,568433610765815808
8596,val,568131853929947136
10011,val,569575780864241664
2618,val,568989460618203136
12301,val,570239952975482881
3855,val,568077514905505792
9936,val,569607719713288192
14471,val,569611065820110848
1318,val,569834960107868160
2505,val,569156387789361153
2041,val,569441937826164736
3314,val,568534107875119105
11477,val,568080078875324416
6591,val,567766130907832322
9069,val,570252052099678208
6141,val,568187577909563392
2809,val,568887455044259842
9057,val,570262977947013120
1540,val,569672116750004226
9184,val,570079508797243392
7227,val,569866317706231808
11008,val,568619609101721601
13291,val,569895266670612480
542,val,570286924277030912
6439,val,567858373527470080
9861,val,569634364780351488
8480,val,568214398474432512
6245,val,568100973966569472
14177,val,569658340147646464
9809,val,569656088817233921
5088,val,569356085359996929
4107,val,567821292797186048
12815,val,570009856851222529
8586,val,568142966570807296
11385,val,568155779225788416
5351,val,569172570932690947
12198,val,570264682541522944
108,val,569881548515708928
5890,val,568511254530101248
5934,val,568476518852247552
11357,val,568173388663013377
8582,val,568146952635854848
3888,val,568047650945298432
3748,val,568155450824216578
6168,val,568168034394873857
615,val,570249680535339009
3413,val,568458999798108160
5532,val,568915536844759040
5223,val,569250842894733312
4080,val,567831351195484160
9303,val,569992532123258881
14347,val,569630593924911104
3641,val,568214796514004992
14064,val,569672292919173120
7358,val,569646269221773312
1301,val,569842553966571520
8059,val,568826055324098562
12602,val,570092210466611200
4689,val,569931705022164992
2540,val,569114239996076032
10399,val,569330686135537664
2932,val,568826499597524992
13781,val,569718465034096640
7103,val,569936900804505600
5368,val,569164886397353985
9756,val,569680829481406464
8589,val,568140717198938112
8201,val,568614009584291840
12667,val,570068649295241216
2615,val,568990399814987777
2694,val,568951922734055424
4476,val,570219228181041153
7870,val,569144474359738368
1636,val,569639780276953088
3893,val,568042973688139777
9306,val,569992234801737728
4789,val,569748667793588224
3148,val,568639207846989824
11280,val,568245558919503872
11768,val,567768830265401344
3954,val,567920067364540416
10607,val,569134333166002177
5300,val,569208219072991233
6170,val,568165260605014016
13373,val,569880005729067008
14510,val,569605359406485504
29,val,570124596180955136
11358,val,568173151798108161
222,val,569222494952886272
4606,val,569983511609757696
11544,val,568029682626650112
2287,val,569275476642013186
11238,val,568382790506389504
21,val,570264145116819457
3841,val,568088470712950784
373,val,568452676452806656
6342,val,568049201453469697
543,val,570286882623369217
12371,val,570216606057541632
12764,val,570033259842801664
7496,val,569565393502793728
2419,val,569216245574311936
6828,val,570224962184867840
2521,val,569140362025050112
5096,val,569347549858934784
5956,val,568460539602608128
8662,val,568064382627921920
1364,val,569763346431414272
4784,val,569769288174870528
9448,val,569933275436707840
6843,val,570198506222194692
8436,val,568278516309090304
1826,val,569567685719101440
12571,val,570101194678517761
11539,val,568032561462689793
1711,val,569618884355092480
1419,val,569724682695368705
4993,val,569566673235271680
1529,val,569681060553826304
13561,val,569830532516868097
6811,val,570239272575315969
14164,val,569659599709704192
5022,val,569524284873424896
13930,val,569689983969202180
7047,val,569947518655721472
3316,val,568533330557186048
11367,val,568166390873653248
2321,val,569259442547470336
4272,val,567739357881040896
10766,val,568895534825639936
9052,val,570266871586553856
8983,val,570303720308809728
10993,val,568633680605945856
9181,val,570081545211375616
4342,val,570299331707854848
11119,val,568492653987418112
14145,val,569661649138941952
11719,val,567800315093979138
11562,val,568002085888897025
275,val,568898405189038080
1295,val,569847318062632960
8736,val,567890265416945664
11879,val,570308309682675712
1950,val,569506670189137920
2980,val,568808975828955136
3434,val,568443923485437952
7117,val,569931469990154242
5158,val,569296707982221312
1510,val,569692618797355009
13730,val,569732616376725504
9421,val,569943345000280064
2531,val,569125558568783872
9121,val,570205370649604096
8712,val,567912664996786177
6677,val,567737317432258560
14402,val,569620782566875136
11014,val,568616190609764354
10327,val,569369008580874240
14477,val,569609590171676675
6058,val,568389719093940224
4713,val,569906317629874176
10414,val,569323273172832256
13062,val,569949017674809344
9963,val,569599725240000513
13506,val,569846045892608001
1913,val,569523231524319232
1255,val,569865011788693504
7591,val,569522767868989440
244,val,569180623165915137
3093,val,568694278890901504
14591,val,569594402114392064
13239,val,569908990118723584
3840,val,568088967419023360
690,val,570183702224834560
8329,val,568484039499378690
9518,val,569894449922252800
4516,val,570084122636365825
11711,val,567802781877407744
9950,val,569602860020850688
8491,val,568208831030943744
4145,val,567805230550634496
5038,val,569506563628642304
9667,val,569734868344684544
11750,val,567779193342423040
11061,val,568549003626811392
4571,val,570009252426883072
4746,val,569881035682521088
6471,val,567830279809937408
2090,val,569373743698591744
757,val,570096448571731968
7415,val,569621351650209792
10485,val,569258945254191104
6031,val,568428195193729025
8182,val,568631249989988354
4349,val,570293557724110850
7599,val,569514902748061696
6169,val,568166220706418688
9299,val,569993444342534144
1133,val,569918026918727680
6874,val,570073661241057280
1144,val,569915529496027136
12770,val,570031758546063361
12510,val,570137063716216832
10262,val,569434598825992192
9657,val,569754180883247104
8016,val,568871330495406080
11182,val,568451219477250048
8375,val,568434307989159936
13469,val,569855409567207424
5635,val,568846061307084800
9465,val,569921840904327168
1221,val,569878547197616128
7647,val,569447456896917505
13645,val,569775795452792833
5806,val,568582794340896768
1455,val,569711003585220608
9453,val,569930199036497920
7537,val,569539746348675073
649,val,570229480821628928
5627,val,568852176799277057
4106,val,567822065471860736
2891,val,568845539405656064
1414,val,569726059937185793
3934,val,567946616792952832
1788,val,569584717843943424
12710,val,570051834188075008
240,val,569197611393163264
3092,val,568695647202717696
1024,val,569961203197325312
10743,val,568913819881205761
2219,val,569309623825670145
1489,val,569700243383537664
9529,val,569890311608111105
12541,val,570119444451745792
9542,val,569884052758659072
8138,val,568745705864626176
2820,val,568883744246878208
11132,val,568490780203065347
9754,val,569682192332234752
12101,val,570290337169739776
903,val,570022715072983041
4170,val,567796570197086208
13278,val,569897005297709057
5235,val,569242798953594880
9493,val,569907782108839938
6339,val,568050804101410816
1073,val,569936565138403328
6564,val,567777622357475328
14174,val,569658878939410432
1553,val,569666679963312129
2223,val,569308224551309313
3611,val,568234670166568960
12414,val,570195668850995200
2318,val,569259694906220544
13757,val,569723205142880256
2296,val,569273251186286593
6445,val,567855736665051136
6458,val,567836660899057664
5940,val,568469155709624321
14556,val,569600137296633856
471,val,567807640660619267
11603,val,567892300551991296
14349,val,569630229636853761
3345,val,568508151852457985
4642,val,569968411561701378
11949,val,570287638084763648
12002,val,570271904508092416
6733,val,567713338873118722
2996,val,568803679018491904
3449,val,568433493987844096
9023,val,570280436796166144
11005,val,568620917531623424
1350,val,569785570320195585
2877,val,568851512509800448
5292,val,569210406222344192
12998,val,569964162979221504
11012,val,568616488766029824
9028,val,570278202897276928
11438,val,568114056034324480
8766,val,567862754557759488
14343,val,569631293429821440
12841,val,570002269577441280
2900,val,568837615220166657
2798,val,568894996683870208
6259,val,568091794304401409
1971,val,569500030459117568
4943,val,569620438734807042
2998,test,568803260569690112
7719,test,569310070825226241
8575,test,568155066668060672
618,test,570247551368241153
11741,test,567783713833234432
14246,test,569646613183885312
4006,test,567880317345771520
5778,test,568611966937214976
9624,test,569783738210525184
4686,test,569935276346351616
13671,test,569758106395254784
10758,test,568902736462262272
3838,test,568090000199270400
4224,test,567767251383808000
7272,test,569704005250777090
11882,test,570307948171423745
14250,test,569646230264885249
3355,test,568503048961724417
8985,test,570302023968694272
1281,test,569854540494868481
6724,test,567720082860949504
958,test,569989178651508737
6130,test,568196066430083074
1500,test,569697234574581760
14448,test,569615100006440960
14195,test,569655861297049600
4103,test,567822613608718336
13453,test,569859218058162176
10933,test,568776831006064640
6834,test,570213762948567040
5877,test,568525573175136256
3471,test,568413096940666881
5970,test,568453351479721986
7287,test,569687244031852544
6095,test,568238793150611457
1993,test,569487156399378434
11840,test,567729749087498240
12298,test,570240336519258112
7020,test,569953001751732225
5530,test,568918313239064576
6474,test,567829387485130752
11160,test,568472259020648448
6904,test,570044715321569280
1631,test,569640998491578369
9931,test,569609828831780865
8525,test,568192252792541184
6492,test,567818783616954369
9428,test,569940989403635712
4839,test,569686814136467456
13585,test,569818507891871744
1739,test,569608870429114368
13050,test,569951363670642689
9593,test,569852380327612416
14460,test,569612947833671680
3394,test,568468732441276416
5055,test,569487121897033728
11817,test,567738680945958913
3206,test,568596833439760384
13994,test,569680242194980864
12696,test,570057871058079745
6598,test,567764010812985344
3592,test,568249132323770368
1247,test,569867364390449152
7021,test,569952664445808640
14099,test,569666814017294339
1683,test,569626585365671938
4723,test,569900147343265792
3426,test,568450413365571584
4722,test,569900699988860928
14576,test,569596652622721024
5271,test,569223781593403392
5041,test,569502963317649408
8233,test,568574897988874240
6974,test,569973084398100480
4968,test,569596778426855426
3272,test,568561858875142144
12133,test,570280225625362432
1256,test,569864608145502209
6452,test,567843646881599489
5792,test,568592809344819200
13427,test,569866272218836992
14310,test,569637593278779392
1454,test,569711632991047680
11334,test,568199988255330304
2448,test,569201109400555520
6001,test,568438759466934272
7458,test,569587048811761664
4093,test,567825347439370240
11662,test,567842370533867520
10942,test,568773869512761345
11208,test,568431753272168448
1828,test,569566252450107392
5328,test,569188394716278786
169,test,569459618881019905
4110,test,567820210264137729
3609,test,568236000390082560
1760,test,569598171082596352
2130,test,569347118034501632
8587,test,568140724618686464
12855,test,569999640516370432
11445,test,568111178708336640
9634,test,569760267485122560
12352,test,570222239603273729
4388,test,570274815736549376
12767,test,570032636657311744
3262,test,568564675312545792
2871,test,568854401802051584
6132,test,568193347216474112
4422,test,570263130141564929
6219,test,568112842261594112
2551,test,569088814184079361
7710,test,569327066887401473
7104,test,569936658876862464
2527,test,569129269139537920
13285,test,569895723208040448
10558,test,569184069734395906
5636,test,568845879307735040
12100,test,570290552169734144
3203,test,568598412544704512
12595,test,570094120993054720
7028,test,569950766389182464
14573,test,569597220871282690
13856,test,569700785824669696
7154,test,569924793232785408
7654,test,569420073707773952
9088,test,570235676916117504
6085,test,568269127992913920
8316,test,568490310524936192
14396,test,569621527911485440
8565,test,568160197367242752
7489,test,569571763744452608
5107,test,569341791482220545
7534,test,569541328289165312
2945,test,568819406207356928
8307,test,568501539167473664
539,test,570289777184002048
4146,test,567805176388788224
14539,test,569602057285574656
11094,test,568511208011071488
7975,test,568912677994696706
5703,test,568794864533385216
9137,test,570157210183069696
1225,test,569877449389051906
10924,test,568780964677201920
13078,test,569945018527428608
14016,test,569677478077136897
6615,test,567756963329867776
9102,test,570223460632403969
754,test,570099717314457600
12531,test,570123304498917377
3366,test,568493245191364609
1617,test,569643671198572544
2824,test,568882789082222592
6902,test,570047059878936576
2453,test,569196241252282368
9619,test,569815690531758082
2265,test,569287399131389953
6395,test,567886422826307585
10820,test,568847612503334912
2544,test,569101653573570560
6420,test,567870045981929473
13915,test,569691521454223361
6922,test,570016890996723713
827,test,570063224328081408
4868,test,569672095753502720
14037,test,569675178227081216
8620,test,568105765442945024
289,test,568850943359496192
10966,test,568748360599019520
1722,test,569616836884619264
9117,test,570208313163550721
12821,test,570008179280646146
6956,test,569990330227007488
9161,test,570091270334509056
12109,test,570287747643998208
9490,test,569909058250997760
8429,test,568379591569629185
9286,test,570005034340974592
13835,test,569704597922557952
4138,test,567808424696893440
12489,test,570159133795741696
11985,test,570275970046775297
13624,test,569793460414189568
3658,test,568203839242764288
6394,test,567886632155680770
10107,test,569534372954681344
4976,test,569588375037960192
4437,test,570256329543012352
688,test,570187080426397696
5461,test,568974423358726144
14067,test,569671659394699265
8762,test,567867483622748160
7524,test,569543615862722561
1472,test,569706336268611584
2953,test,568817637754593280
12549,test,570115286289899520
7705,test,569330782537437184
1565,test,569663687222542336
10303,test,569380098119499776
4597,test,569989168903819264
4256,test,567747041976410112
5044,test,569499788934291456
5163,test,569292068981510144
19,test,570267956648792064
2360,test,569246786440830977
1881,test,569538171509350400
3370,test,568490726419517441
1366,test,569762365572558848
5516,test,568929490929377281
426,test,568101393111891968
3381,test,568479942146707456
1987,test,569491079952642051
13933,test,569689370988408832
9290,test,570001983408635904
14273,test,569643301332258817
1562,test,569664849522925569
6236,test,568105481018822656
14118,test,569664514142183424
4668,test,569950112631296002
11934,test,570293494444634114
13818,test,569710446112067584
3772,test,568137238267047936
2633,test,568982915956277249
4216,test,567770910107897856
10504,test,569245152406953984
20,test,570265883513384960
5854,test,568545857332588544
14060,test,569672905270800385
7807,test,569235156717989888
12206,test,570263732099649537
988,test,569972884052930560
7563,test,569530159247826944
11775,test,567765893355417601
8738,test,567887326350811137
336,test,568579880046227457
9506,test,569899859161026560
9865,test,569633285288157184
6468,test,567830505414103040
8580,test,568152035767554048
14097,test,569666885035409408
3049,test,568771089372979200
10593,test,569152792314687488
9280,test,570010973047795713
8877,test,567777885277405184
7957,test,568929935273930752
12822,test,570007852724699136
1743,test,569608322925473792
2486,test,569170903948500992
14003,test,569678620878376960
5583,test,568883827218763777
6905,test,570043468321419264
1811,test,569574074936123392
1345,test,569805215605456896
6330,test,568054687993352192
11866,test,567724943375626240
9439,test,569938119060955136
4243,test,567758478371196928
10767,test,568895061284364288
4607,test,569983469930967040
5401,test,569143944266833920
12400,test,570201740496257024
14119,test,569664330163200000
9281,test,570009630786453505
5889,test,568513003307429888
12942,test,569975175321653248
9472,test,569918035097731072
12657,test,570072031502340096
3172,test,568615916730056704
12052,test,570306423818723328
10363,test,569352324700708864
9691,test,569716670689902592
12494,test,570152557475028992
11336,test,568196165780578304
4347,test,570294002077061120
13830,test,569706793531629570
8455,test,568242480518434816
2020,test,569471541554978817
4671,test,569946219826548736
10124,test,569528410684461057
1382,test,569748572104560640
13547,test,569835918955143168
7126,test,569927906241212416
11514,test,568058820376854528
4659,test,569954475433201665
9118,test,570208172289474560
12495,test,570150741022617600
11240,test,568378076955938816
9155,test,570105696219308033
7638,test,569483493236969473
10877,test,568807947423375360
8342,test,568467286333513728
9662,test,569746612433629184
10278,test,569406451980091392
12356,test,570220267462529024
11779,test,567763065706250240
1630,test,569641125243301888
8705,test,567919283419742210
1459,test,569710365770182656
2671,test,568962609375895552
1638,test,569639294152806400
10609,test,569128660101427200
9832,test,569648671870099456
5151,test,569304845091524608
13982,test,569682062787149824
5766,test,568624572985004033
3165,test,568622671287566336
14183,test,569657763069952001
8388,test,568430681367453696
12092,test,570295745921880064
9924,test,569613897516380160
5095,test,569347934866636800
12892,test,569989252613689344
7016,test,569954393216454656
11922,test,570297479029252097
9732,test,569689743061069824
3044,test,568778986567933952
7543,test,569538002025779200
8626,test,568100786657316864
12151,test,570275450200711168
12642,test,570078673090408448
6311,test,568059610969604096
8604,test,568124733851443200
3620,test,568230620595417088
8372,test,568435364349808640
10021,test,569567252363812864
12953,test,569974287286845441
5895,test,568504198385373184
14217,test,569651816197169153
6682,test,567735489688395776
592,test,570260984704700417
10469,test,569272209887404032
13090,test,569942011916259330
2632,test,568983296018751491
5063,test,569408185125052416
13049,test,569951438329085952
5759,test,568639956622512128
13809,test,569713890138963968
11345,test,568185352441212929
9890,test,569625014179377152
10194,test,569495604944089088
4185,test,567790272265887744
1715,test,569618317440208896
4318,test,567627253991735296
10751,test,568909605499215872
4677,test,569942616617447424
7318,test,569671231001092096
11681,test,567821288820203520
2373,test,569241682283081728
12289,test,570241070577139713
5301,test,569208051145650177
13516,test,569843745157451776
4735,test,569890333456117760
13791,test,569716576850731008
1327,test,569824906638073856
6371,test,567907935331971072
7088,test,569938767860994048
8186,test,568629820306952192
8400,test,568424704597467137
14634,test,569587691626622976
10613,test,569124893477842944
4757,test,569869220680470529
13984,test,569681863939371008
11667,test,567840103122509825
2098,test,569368286128771072
8187,test,568628159618424833
12045,test,570307390752608257
7933,test,568964635103076354
4612,test,569980137346707456
11531,test,568039648964026368
10255,test,569450700532535296
6464,test,567831160748916736
6091,test,568247978835578880
5387,test,569153098595192832
8948,test,567727526777073664
286,test,568855933360607232
1203,test,569888244856455168
4057,test,567847753277120512
7266,test,569711837656125440
8651,test,568080542345895937
3643,test,568212521657737216
4380,test,570280553422950401
1087,test,569931716049154051
8856,test,567796079446745088
11427,test,568123193577177089
7976,test,568911851674836992
9898,test,569623211324735488
2956,test,568815686446788608
8847,test,567802194155565056
8048,test,568837619372593153
5917,test,568489786081714176
1607,test,569646538814824449
9313,test,569988987420434432
13718,test,569737333827887105
11107,test,568499953041080321
5323,test,569197350901714944
12205,test,570263827033432064
3723,test,568168460468895745
6190,test,568145575452876800
11535,test,568035844088590336
11451,test,568106783241211904
8049,test,568836750598123521
1512,test,569690626293305344
3967,test,567901267063803904
9266,test,570015715530395648
8541,test,568177152924860416
2435,test,569209352730513409
8228,test,568587429830983680
7169,test,569923525508665344
5025,test,569521838625312769
3127,test,568652355346022400
937,test,570000614794489856
2044,test,569439089063280640
13214,test,569913796875161600
8537,test,568181761114546176
435,test,568068513224654848
4344,test,570298155465609217
6386,test,567892966980870144
6643,test,567748208844365825
12651,test,570074976428158976
11433,test,568116895305617409
9051,test,570267781859557377
12744,test,570040411206631424
8164,test,568644388001337344
2739,test,568926552836182016
3320,test,568528656584146944
1294,test,569849299850305536
11998,test,570272880556011520
548,test,570285537833168896
3215,test,568591158777122818
2975,test,568810516740644864
8707,test,567918283866898432
2245,test,569298744337788928
9817,test,569652631938985984
11446,test,568111010856480768
1287,test,569851498118516736
12487,test,570162212616212480
13706,test,569740409787658240
9841,test,569645701291843584
10048,test,569557964991930368
9156,test,570104704241307649
1587,test,569654709964836865
10313,test,569374560505737216
6405,test,567878239156338688
8111,test,568779615323299840
13762,test,569721379823554562
900,test,570023321904943105
11755,test,567777625344593920
13579,test,569821519116955650
14281,test,569642267385798657
3083,test,568716027577696256
14354,test,569629100114989056
8782,test,567851561474383873
6299,test,568075679008468992
4803,test,569714651489050624
4955,test,569610806196768768
11853,test,567728057700876288
2007,test,569477178703908864
14312,test,569636551321194497
11586,test,567908391256875008
10970,test,568715209944244224
11468,test,568087789004300288
8988,test,570297185704812545
3699,test,568180799838801920
2270,test,569283845985427457
3205,test,568597062104813568
11833,test,567732372997963777
2412,test,569221210019487745
14300,test,569639972615135232
7137,test,569926688244703232
6672,test,567737653118779392
11645,test,567851387641597952
13556,test,569832363527708674
7745,test,569280107724050432
10180,test,569504866260930560
9967,test,569598852912668672
14008,test,569678154152828928
4276,test,567736717352763394
14497,test,569606467646578688
5681,test,568811734040862720
8850,test,567801567630618624
7189,test,569902181366820864
2910,test,568834799592448000
6732,test,567713868747902976
350,test,568518985056002049
6430,test,567863445422546944
554,test,570283453750489088
1517,test,569685747080372224
6450,test,567845681768968192
10926,test,568780675672907776
7943,test,568956535679758337
5168,test,569286897404669953
6061,test,568385950486802432
11391,test,568150866890522628
10856,test,568823143789416449
9443,test,569935818783125504
7398,test,569627273407569920
10972,test,568678961229762560
3619,test,568230767714799616
4663,test,569952285024915456
8167,test,568642209823612929
11813,test,567742912579272704
6660,test,567739785981493248
889,test,570033627939131392
12262,test,570248991704788992
5498,test,568945562705371136
14036,test,569675481857064960
14056,test,569673275183386625
10358,test,569353501123280896
11294,test,568232802749161472
9454,test,569929945331449856
9190,test,570077991436484609
703,test,570169567374401536
9674,test,569726350380150784
9090,test,570232671353376769
9154,test,570106579879645185
744,test,570105441688158208
5050,test,569491425110466560
2850,test,568868515857321985
13914,test,569691533101780992
13386,test,569876553196285952
9728,test,569692835907129345
10106,test,569535230996045825
10282,test,569395278731747329
6897,test,570048915518533634
4206,test,567778009013178368
7324,test,569669991450185728
9627,test,569775147919372288
112,test,569873664612704256
12292,test,570240784357830659
1991,test,569488705146068993
8599,test,568127434173878272
9550,test,569882324713783296
1369,test,569756967935148032
78,test,569935232033366017
11752,test,567778498723737600
8004,test,568885004610240512
12465,test,570177697814425600
7770,test,569260189486063616
2368,test,569243270745866240
760,test,570093170874302464
8826,test,567813515353804801
1163,test,569908928667996160
5914,test,568491160056045568
10796,test,568869609622904832
13434,test,569864878007001088
8425,test,568385676737167360
12693,test,570059874480091136
5016,test,569538524321419265
14577,test,569596515510956032
3152,test,568631066736529409
6707,test,567726949049454592
3348,test,568506797805318144
9792,test,569665202616020992
6687,test,567734113088835585
8984,test,570302717085790209
13851,test,569701210120450049
12682,test,570063648468688899
14262,test,569644495517589504
12579,test,570099716379316224
10432,test,569312530620817408
499,test,567742148603170816
13955,test,569686401735745536
2102,test,569367682811715585
8724,test,567902218059264000
8036,test,568849719625158657
1845,test,569558589628502016
12911,test,569981968655519744
1988,test,569490499377061888
9782,test,569669815205560320
9122,test,570204219191504896
14610,test,569591765793165312
12066,test,570301929580048385
1420,test,569724281334034432
3942,test,567935142418780161
544,test,570286565894828032
12991,test,569966076047437824
13358,test,569882542855352320
590,test,570263872004874240
12823,test,570007830083854338
3814,test,568105220410105857
1342,test,569809648712327168
13787,test,569717739113320448
13824,test,569708886518849536
7809,test,569233861651144704
13080,test,569944699877724160
9459,test,569926031542345728
6967,test,569983338880114688
5504,test,568942857123336193
1309,test,569839419211034624
14210,test,569653752279531521
8833,test,567810573002620928
6826,test,570225899964129281
8488,test,568210186755813376
4484,test,570212491134930945
3069,test,568740200479793153
14427,test,569617807916322817
11356,test,568173724974878720
1550,test,569666840370110465
4426,test,570261514340474880
4972,test,569589955837628416
7819,test,569230193220554753
7435,test,569607909501472769
3070,test,568738229274464256
8621,test,568104907384832000
4210,test,567774437673603073
6053,test,568403209766744064
1733,test,569613272049012736
9271,test,570013535696232449
5269,test,569224755426930689
11259,test,568265355115814913
1740,test,569608866138173440
12733,test,570042828983820288
3059,test,568758807418896385
7317,test,569671435309809664
1566,test,569663371353546752
6664,test,567739426499862528
3792,test,568121964444950529
3757,test,568148251569999873
2099,test,569368056855552001
13905,test,569692168165527552
7388,test,569628922431873025
3324,test,568527292135133184
6364,test,567943461476806656
12019,test,570268326250745856
3553,test,568272715519561728
2944,test,568820700489781248
5962,test,568457681855340544
4970,test,569591945816772608
7116,test,569931753768382464
6940,test,570001825358860289
11966,test,570281470507352064
11834,test,567732351774781440
3764,test,568144589162287105
10685,test,568979232786939904
13799,test,569715074505420802
3076,test,568726628639100928
10663,test,568997044406374400
629,test,570237629775675392
3973,test,567895584625020928
2112,test,569364374755930112
8222,test,568589571929350144
4460,test,570241403822813184
1498,test,569697646501363713
14459,test,569613265631780865
11229,test,568388625689235456
10035,test,569561225488678913
6571,test,567774139353722880
4603,test,569986783024431105
4899,test,569667238808068098
2708,test,568948008160661504
4915,test,569651470615887872
5817,test,568574960035360768
3365,test,568493336698490880
2535,test,569119503516246016
1649,test,569635623348215808
12098,test,570291431195205633
4474,test,570220966284025857
8843,test,567806964832460800
232,test,569204272795004928
12162,test,570272018840428544
3750,test,568154805362950146
10052,test,569556697603280897
7427,test,569617259548708864
3017,test,568797401772892161
10989,test,568634467587264512
3875,test,568061117429231616
1466,test,569709246150893568
7284,test,569691489179021312
2921,test,568830996365193216
7881,test,569118085245898752
5412,test,569129049861304323
5569,test,568889146179072000
11181,test,568451849054851072
4587,test,569995418370646016
8165,test,568643357108531200
13667,test,569761641211895808
12818,test,570009008817500160
1063,test,569941617697644544
3160,test,568625636639506433
14050,test,569673764562010112
5,test,570300767074181121
10730,test,568932061882552320
2596,test,569011048843313153
5935,test,568474442210283520
4192,test,567788341538861056
5548,test,568905259550056448
12861,test,569998668775862272
3508,test,568355601144680448
3731,test,568165349004316672
2443,test,569204188334264320
12778,test,570028083606122497
9304,test,569992414653362176
7465,test,569582603902128128
1229,test,569875456415170560
5823,test,568571242627903488
264,test,568929979981033472
12482,test,570169851156701185
8548,test,568173792406740994
9774,test,569671712830308352
5602,test,568874435907682304
6410,test,567875729045590017
11591,test,567905184040382464
11463,test,568095863731433473
7679,test,569349960228974592
11109,test,568499384704479233
11290,test,568236763128463361
10126,test,569528105557053442
5947,test,568466642193104897
2526,test,569130479690981376
11304,test,568223950926446593
8406,test,568419991030087681
4883,test,569668883147137024
2602,test,569007580925677568
12545,test,570116329694310400
12213,test,570261511781941251
5662,test,568828959879790592
5356,test,569169704805371904
4436,test,570257317859610624
13535,test,569838834810093568
5286,test,569215035089690624
1020,test,569962873209937920
14113,test,569664965658972160
4432,test,570259423987404800
648,test,570229842626478081
616,test,570249083790733312
7611,test,569508336594505728
75,test,569941957490774016
8612,test,568115571788808192
10912,test,568788141236199424
11270,test,568255534941544448
5430,test,569076249487925248
888,test,570033778300620801
1969,test,569500986638798848
14284,test,569641915114659840
7309,test,569674104913014784
10135,test,569525679823425536
12214,test,570261418387353601
5373,test,569161583718473728
4122,test,567814094678675458
823,test,570063869596475394
9218,test,570056984986300418
1410,test,569730716692393984
6108,test,568221293914533889
2970,test,568811854216105984
5784,test,568605955614642176
11404,test,568139144515313664
10220,test,569484458744807425
1784,test,569587728607633408
5057,test,569483821080453121
4337,test,570302460235026433
12244,test,570253919697244160
2295,test,569273298325864448
2722,test,568933083472220160
6134,test,568192010789777408
4383,test,570278679491670016
5657,test,568829852721106944
2693,test,568952850908213248
4635,test,569971526876962819
1597,test,569649820798881792
7033,test,569949297220980737
6182,test,568149878095753216
7974,test,568914888728449025
14261,test,569644637343711232
10816,test,568852572188098561
13945,test,569688201222160385
11726,test,567793186698190848
13891,test,569694483769659392
9771,test,569672234949742592
4611,test,569980269379358720
91,test,569913339427434496
6575,test,567773445195583488
577,test,570271205300703232
11056,test,568556953640820736
2592,test,569012492598251520
2177,test,569328128310403073
4639,test,569970324810240000
1390,test,569746687805095936
13384,test,569876837087580161
11921,test,570297548726005761
11023,test,568606704566439936
1155,test,569912092351819778
7914,test,568984446487166976
4124,test,567813839539159040
2705,test,568948971923742720
2389,test,569233194723078144
1422,test,569724245963444224
5751,test,568724299873431552
5250,test,569232748663214080
8015,test,568872365146251264
12043,test,570307948171423745
11919,test,570298285350629376
2950,test,568818335200223232
7620,test,569501773863493632
10118,test,569531387629318144
11224,test,568398620686467072
4787,test,569757790626906112
6008,test,568437385844924416
9373,test,569966745982791680
10848,test,568825563126865922
8742,test,567878078782898176
13674,test,569757115822157826
3003,test,568802906280845312
11250,test,568341364951388160
8846,test,567803109687443456
730,test,570115366023770112
13175,test,569920773105840128
6266,test,568087131748503553
11641,test,567857221159297024
13550,test,569835641514692608
14159,test,569660029093203968
6067,test,568361830160175104
2777,test,568903479722246144
13164,test,569924309902356480
6747,test,570309308937842688
4590,test,569994045205803009
13594,test,569811470797676544
10351,test,569357122527469568
5260,test,569226723738324992
2509,test,569153491983327232
1006,test,569967632868188160
13106,test,569939156740149249
6728,test,567717985092395008
5977,test,568448300325605377
2865,test,568857374934601728
14540,test,569601934853873664
1564,test,569663725172436992
9335,test,569980561344897024
3530,test,568291966909181952
8567,test,568159336104636417
9241,test,570033719609827328
5891,test,568510632930050048
12608,test,570088470171013120
10627,test,569108474233270273
9496,test,569905936980185088
10676,test,568992757169065984
1547,test,569668488408616960
6455,test,567840923008237568
8658,test,568068967098658816
7999,test,568891974687830016
12813,test,570011216313131008
8900,test,567765664459669504
11877,test,567670985403285504
2890,test,568845724110213120
2875,test,568853244476309504
10337,test,569363263588339712
9970,test,569597711789502464
12187,test,570267066919313408
459,test,567846970141716481
1131,test,569918449121673216
10827,test,568842945530441728
12873,test,569994134997610496
1539,test,569673431224074240
7139,test,569926659219922944
8122,test,568763889506082816
9349,test,569971374820884481
7254,test,569737259999571968
6253,test,568093988516802560
10857,test,568822571875098624
12766,test,570033000777457664
14405,test,569620512139145216
6773,test,570287886135918593
3098,test,568677633682214912
9224,test,570052124010278912
14516,test,569604674715693057
908,test,570020852210774016
11740,test,567784773780013057
1165,test,569908628141920256
5519,test,568926999680569344
6562,test,567778403755900928
13102,test,569940147615113216
8238,test,568568690381168640
8440,test,568260165759307776
6856,test,570168203470446592
11723,test,567797906977083392
11305,test,568223612802637824
7198,test,569892980712013824
4174,test,567794017593991169
12062,test,570303889754488832
10782,test,568881148325007360
489,test,567767269120688128
261,test,568943244027006976
711,test,570159741441335296
3604,test,568238227791822850
1075,test,569936348217352194
8508,test,568202287216234496
5523,test,568925938840240128
6249,test,568096554638159872
5157,test,569296792426295297
12596,test,570093652120178689
5959,test,568458185071132672
9553,test,569880207911460864
12493,test,570153000079126528
11842,test,567729658276237312
10797,test,568868928732028928
11925,test,570296996445204480
12868,test,569996647100346368
6084,test,568269180153274368
9961,test,569600023597428736
8991,test,570296273611448320
4164,test,567798535262060544
14030,test,569675799122591746
6555,test,567781663469481984
2541,test,569106746486222849
2561,test,569077393886810112
7845,test,569190811113525249
8618,test,568107407647207424
3929,test,567952115588423681
9802,test,569659137581326336
2382,test,569236060615667713
13370,test,569880251767123968
12189,test,570266460003508225
13199,test,569916061891633153
14398,test,569621332863754240
11573,test,567923103080275968
5633,test,568848795733069824
9630,test,569771270839013376
5851,test,568548629973209089
4266,test,567742857411166208
3000,test,568803218488033282
4586,test,569995514558550016
12401,test,570201347414462464
14416,test,569619246520479745
1135,test,569916731595972608
399,test,568216286561374208
4335,test,570303399276761088
14305,test,569638585571221504
13113,test,569937801942310913
5508,test,568937199145783297
6688,test,567734002287513602
10043,test,569558791433416704
7471,test,569578439797313536
6661,test,567739785406873601
1386,test,569748099616215040
809,test,570071999780933634
11996,test,570273819287531520
5477,test,568957365464076288
8242,test,568561938457690112
12212,test,570262096094498816
8492,test,568208666035417088
14324,test,569633482915209216
7003,test,569959283934277633
106,test,569884551712886785
6999,test,569960350876979200
407,test,568174745293709313
12313,test,570236690637459456
9611,test,569825936788598786
1458,test,569710389757419520
12238,test,570255201069899776
5395,test,569148485519462400
14180,test,569658153115250689
1946,test,569508282995486720
5349,test,569173103009525760
8,test,570299953286942721
11669,test,567834021293596672
402,test,568203174198284288
12232,test,570257336465387521
8368,test,568436613384155136
4226,test,567767009908109312
11422,test,568128665801900032
12360,test,570219969717219328
11153,test,568474825989054464
3347,test,568506885130682369
6041,test,568425317028610049
9360,test,569969714245431296
12069,test,570300915418320897
4352,test,570293100326862849
12315,test,570235413224427520
2830,test,568881580015366145
9789,test,569666926294798338
3247,test,568572835666522112
7840,test,569195394065952768
3531,test,568290894992039936
10322,test,569372015980707840
12042,test,570307949614256128
7276,test,569699027782012930
8524,test,568192660923666433
4010,test,567875130824658946
12079,test,570298371140939776
5692,test,568802232004513792
10844,test,568826247809273856
7244,test,569835633147056128
8221,test,568591345801158656
10575,test,569168696083656705
13534,test,569838878049345536
5746,test,568758001856847872
2021,test,569470757673291777
3149,test,568637541513089024
12496,test,570146467542933505
13265,test,569901314026692611
10680,test,568985734163664896
10587,test,569159165626716160
5437,test,569022042349051905
13833,test,569705524138090496
12702,test,570056289419526145
9979,test,569595015518793730
12721,test,570045645714620417
10293,test,569387211025727488
8531,test,568187334111289344
6177,test,568155440267161600
5392,test,569150371706200064
10260,test,569436161032073218
4517,test,570076476252356608
4178,test,567793064221130752
13296,test,569894963665707010
12634,test,570081165459259392
6808,test,570240052279648257
13157,test,569925940224139264
3867,test,568067535599505408
8962,test,567671602280923136
7171,test,569922420624068608
7691,test,569343781092401152
4235,test,567761865779195904
3834,test,568092044964421632
11713,test,567802570912305152
2874,test,568853249551409153
12239,test,570254721140850689
3176,test,568613354245210112
2533,test,569121422817112065
12554,test,570108519237558272
587,test,570265542025719808
3145,test,568639679496454144
9315,test,569987452334690305
3026,test,568790336954175488
6888,test,570059462976917507
7443,test,569603641767792641
1043,test,569954670006763520
8487,test,568210310663835648
2301,test,569271561481531392
8547,test,568173938292985858
1853,test,569554916064284672
5708,test,568787660266823680
11778,test,567763697230438400
3669,test,568194744574214144
9864,test,569633287204773888
983,test,569976131748823040
9425,test,569942569951600640
325,test,568632394929958912
5824,test,568571203553599488
2586,test,569017927803932672
7296,test,569683558081687552
13698,test,569742995102117888
12466,test,570177331358076929
6241,test,568103735827804160
3475,test,568411504497856512
3193,test,568606225027485696
2812,test,568885581297651713
1347,test,569801303204851713
10905,test,568790282839433216
3281,test,568557220473884672
11308,test,568221761898209280
5561,test,568893498193158144
712,test,570151698489954304
8790,test,567846026507390976
12633,test,570081513087369216
12584,test,570097527841693697
9245,test,570030173300658176
6908,test,570040888321318912
798,test,570078733735821313
12367,test,570218269111664640
6749,test,570307820962373632
3278,test,568558478039625728
2723,test,568932735181578240
11510,test,568061470933540864
1200,test,569894828315533312
3754,test,568149201466617856
2600,test,569008601009762305
1107,test,569924355011932162
13538,test,569838141273559040
11503,test,568064178478571520
13103,test,569940075120873472
5365,test,569165227847102465
10512,test,569241467916566530
10489,test,569256374011428866
8060,test,568825255604699136
11847,test,567728890206904320
8990,test,570296516314845185
250,test,569028851860254720
6992,test,569961785509478400
10306,test,569379979055796224
10896,test,568793575300796417
10474,test,569268155383717889
7145,test,569925590276419584
6947,test,570000249910996992
9284,test,570007761355980800
7405,test,569623948767268864
10204,test,569491590105980929
10249,test,569459269394956288
11804,test,567751134476259328
8755,test,567872267910262784
10000,test,569583725408870401
924,test,570010976608780288
3995,test,567885401714589696
317,test,568769672922812418
1029,test,569960080734490624
7970,test,568919308006395904
145,test,569609971383586817
11192,test,568444091836604416
5304,test,569207022597509120
11142,test,568482412990218241
7728,test,569301593587208193
12695,test,570057993770831872
11512,test,568061166871846912
4891,test,569667805643034624
11748,test,567781176375803905
12650,test,570075101326024704
5054,test,569487788753555456
38,test,570038941497192448
11158,test,568472783354773504
6357,test,567996668320346112
14314,test,569636064035348480
2805,test,568892505829347329
4657,test,569956528507236352
7063,test,569943785905332225
3181,test,568611413687603200
2441,test,569205367575441408
9835,test,569647318535786496
3338,test,568515101319254016
5058,test,569483642931691520
13755,test,569724254473850880
5473,test,568962547891736576
1268,test,569859985208770562
7762,test,569271020395241472
6308,test,568066302818058240
6257,test,568092489011236864
13825,test,569708573762023424
6651,test,567744627143213056
12670,test,570068397544710144
14489,test,569607918569410560
7359,test,569646184005894144
7829,test,569222694778105857
11428,test,568123010638483456
12090,test,570295981985681409
6040,test,568425343452721152
3183,test,568611300609118208
6695,test,567731546661326848
1373,test,569753041420865536
12788,test,570021599392329728
4503,test,570195827341312000
12866,test,569997196298293249
12204,test,570263871526559745
2957,test,568815660815519744
4343,test,570298362907508738
2437,test,569208751972065280
3659,test,568203785996263424
11700,test,567808567580041216
6611,test,567758180068130816
2118,test,569361701495304192
11536,test,568034808598810625
8457,test,568241460279181312
2597,test,569010309085536257
3849,test,568082658741215235
186,test,569311060903268352
1233,test,569874043395903489
13486,test,569851241922207746
4805,test,569713556935077888
5056,test,569485882941509632
13338,test,569886516505407488
11979,test,570278803399798784
13258,test,569903197835407361
5077,test,569362928710914049
10352,test,569357079716229121
3238,test,568575417650679808
3948,test,567925054853496832
3177,test,568612911222026241
4079,test,567831549539966976
12727,test,570044138302808064
1278,test,569856492477657088
500,test,567735941846937600
12771,test,570031615130394624
6531,test,567800329824399360
1140,test,569915643094396929
2274,test,569281144186908672
8878,test,567776761510907904
8681,test,568029763438186496
2654,test,568967744076410880
8744,test,567875974869680128
1266,test,569860904814301184
7143,test,569925941067186179
4028,test,567864117047865344
5076,test,569364328857640961
10161,test,569513151517073408
2520,test,569140808227672064
1113,test,569922853266694145
2938,test,568824987244584961
11722,test,567799412538494976
13110,test,569938319024332801
10423,test,569317490276360193
3876,test,568059091848962048
5781,test,568611276026351618
12416,test,570195444300718080
2506,test,569155039983497216
8772,test,567856962521661440
6859,test,570102708734197760
4822,test,569698044175757312
4481,test,570214968622239744
14412,test,569620123096494080
7714,test,569313006406012928
526,test,570295795985080320
3274,test,568560510896963584
13263,test,569902322718871552
8393,test,568427853265571840
10537,test,569212558952960000
7480,test,569575699314569216
14138,test,569662145886957568
13364,test,569881270987186176
10556,test,569188782492266496
12061,test,570304544128815104
7434,test,569609436714680320
13120,test,569935692161134592
2636,test,568979198007595008
5667,test,568826365878730753
11100,test,568505037833396224
10605,test,569135148660342784
2703,test,568949970080018433
11690,test,567813042576199680
4346,test,570296670568751106
3077,test,568725453831315456
1591,test,569652316816719873
444,test,568017135236022273
6159,test,568173435173482496
7158,test,569924385387241474
593,test,570260383862108160
4,test,570300817074462722
13310,test,569891937924358145
4526,test,570065297568194560
9200,test,570071350133579776
14579,test,569596420761604096
12734,test,570042700835082240
12130,test,570280641771790336
4428,test,570261289420898305
6545,test,567785122708332546
2859,test,568859726315827200
9807,test,569657128866095104
644,test,570232477618442241
13625,test,569792794711220224
9350,test,569971233351213056
664,test,570212246053220352
5717,test,568781555784507392
8266,test,568545534056787968
12286,test,570242205463359488
288,test,568850967673896960
11589,test,567905855653421056
9600,test,569844782702338048
3286,test,568553155937452034
11074,test,568534114527113216
4090,test,567827039790571520
11518,test,568055631065653250
7125,test,569928060587233280
12639,test,570079755560595456
12672,test,570067446712791040
6218,test,568113383242911744
12659,test,570070485653786624
14055,test,569673346864037888
8954,test,567724178317402112
4453,test,570246695595999232
7911,test,568992314296819712
8680,test,568031723004555264
3833,test,568092209368719360
4365,test,570286359983886336
12044,test,570307434113310720
1359,test,569769708569767936
2774,test,568905087608881152
7842,test,569191191448817664
1734,test,569612999415111680
11248,test,568356849189150721
5604,test,568873020460126209
28,test,570207886493782019
13869,test,569698856037789696
11696,test,567810259675537408
11635,test,567859888480772096
10259,test,569436595746684929
13336,test,569886683501473793
9687,test,569718474047664129
2952,test,568817894030741504
6033,test,568427565003599872
5098,test,569347125575725057
6103,test,568227390566109184
11885,test,570307369328095232
9678,test,569721813220995072
6872,test,570075711433609216
11342,test,568189372362674176
12795,test,570018285544206337
3827,test,568095662262358016
9141,test,570151703410053120
7746,test,569279670048452608
8136,test,568749392083206144
3142,test,568643928720850944
4500,test,570199956704919552
7322,test,569670407709544448
7053,test,569947356428419073
13360,test,569881701247291393
7980,test,568908255310827520
7233,test,569857331284078592
9595,test,569849295786127360
7971,test,568919118193291264
12901,test,569986129820196864
6164,test,568170036248092674
3161,test,568625014037045248
8911,test,567758007912906752
7326,test,569669059941261312
13238,test,569909711962640384
12394,test,570202730293100544
5441,test,569017194564096000
7815,test,569230997650214913
11597,test,567897643873148928
5440,test,569019132978405376
8870,test,567783456420012032
969,test,569984785860464640
7738,test,569294070129930240
6114,test,568215698524246016
4218,test,567768156111126528
11215,test,568417751854931968
5546,test,568906176353554432
11571,test,567925957090238464
115,test,569847920192655361
4232,test,567765379653849091
2322,test,569259272556535808
7785,test,569245707477131264
1662,test,569631508379664384
8340,test,568472330097332225
2707,test,568948016662474752
8465,test,568237879337422848
12623,test,570085625061384192
3218,test,568589359034859520
6533,test,567799259224940544
1237,test,569872009380941825
12560,test,570103559318081536
9203,test,570070449406812160
12040,test,570308309682675712
8350,test,568448023845572608
14131,test,569663577226915840
1545,test,569669336991969280
566,test,570275153860386816
8687,test,568020304510869504
5398,test,569146045306793984
13395,test,569873993311916032
5500,test,568945122961784833
4621,test,569976622054395904
7837,test,569200983173156864
4060,test,567845492849287169
13458,test,569858012967542786
13085,test,569942287318458369
13950,test,569687291007881216
13088,test,569942094766325762
4829,test,569692110619877376
8880,test,567775864679456768
11461,test,568100712309256192
2308,test,569262680965402624
4308,test,567714192980201472
6508,test,567811407309185024
9878,test,569628145030004736
10036,test,569561062749700097
8827,test,567813437003411456
1448,test,569715563385085952
11530,test,568039715699609600
12808,test,570014602903339008
4942,test,569622053214507008
53,test,570001194900426752
5515,test,568929641756368896
10639,test,569040346262282241
6092,test,568243352258236416
12536,test,570122868039634944
3550,test,568275123037286400
14515,test,569604777962643457
3716,test,568173937714028544
4560,test,570017987349995521
9214,test,570060272049778688
6616,test,567756556536909825
7407,test,569623248205430785
3292,test,568549060103135232
2281,test,569278020441284608
6485,test,567822994925441025
11537,test,568034537411895296
2017,test,569473998519578624
10018,test,569569120951390209
5390,test,569151232738095105
1952,test,569505407862902784
5350,test,569172793608278016
1710,test,569619001820590081
10847,test,568825686472953856
5080,test,569359647699812353
6936,test,570007685367799808
6583,test,567770347065384960
30,test,570114021854212096
9183,test,570079855821389824
8824,test,567814769077436416
1603,test,569647615194898432
8106,test,568784868257214464
1365,test,569762463811383297
4675,test,569943647103406080
7367,test,569642569203904512
10182,test,569504566380797952
2821,test,568883664219537408
6849,test,570193464467570688
5654,test,568831166976884736
7071,test,569940579221504001
10015,test,569572184768835585
9327,test,569984178764308480
4742,test,569885759513034752
3034,test,568786811381616641
4037,test,567857491284877312
7522,test,569546763297796096
12852,test,570000777768345600
3387,test,568473862083461121
7338,test,569664636179476480
14456,test,569613537158373376
13798,test,569715341259104256
9007,test,570288667790594048
6576,test,567773236734074880
11044,test,568576810474201088
3922,test,567967189237518337
2928,test,568828240204333056
12018,test,570268420140244992
12508,test,570138307767578625
13281,test,569896010010353664
4212,test,567773609939058688
12950,test,569974508435562496
3202,test,568599168949886977
5991,test,568441899402584064
4818,test,569700277244141568
1542,test,569671468369338368
701,test,570173090774294528
5023,test,569522923029041153
7135,test,569926945535860736
7332,test,569666892882952192
9433,test,569939286935674880
10288,test,569391350879137792
14108,test,569665707870285824
3687,test,568186071114252288
2795,test,568895856750899202
8180,test,568632724078125056
3808,test,568109592338518016
13733,test,569731189214351360
12948,test,569974668406296577
12123,test,570282469791911936
7375,test,569633643821441024
2624,test,568986895268519936
11118,test,568494200163074048
7754,test,569274123525844994
4466,test,570227814575804416
7092,test,569938303694319616
13756,test,569723864252424193
696,test,570175761468030977
6703,test,567728229340172288
1197,test,569897003255083008
8399,test,568424725929701376
6578,test,567772246060433408
3504,test,568358096290111489
3309,test,568536634058084352
12354,test,570221471844278273
7688,test,569344744297521152
432,test,568086068328681473
3677,test,568190276990140417
2827,test,568882079091400705
2678,test,568958380032860160
11695,test,567811573265260544
12422,test,570193307139239936
10256,test,569443675194966016
7764,test,569268455314219008
4954,test,569611549960044544
7221,test,569876427270701056
142,test,569615109363929088
6317,test,568057671443750912
613,test,570249871107723264
12350,test,570222445971382273
11743,test,567782645975625729
14226,test,569650859371405312
4420,test,570264316743544832
6470,test,567830414615662592
3640,test,568215000306724864
345,test,568532221180534784
3097,test,568677786329735168
7889,test,569091868153253888
9767,test,569673913892003840
5027,test,569518412550033408
8768,test,567861067088596993
8337,test,568474096058507264
227,test,569212570478911489
689,test,570185687569469440
6609,test,567759608643452929
6748,test,570308513181904901
10727,test,568935636318552064
7344,test,569658903044218880
2364,test,569244201021362176
4760,test,569865838892691456
1213,test,569883984190005248
2174,test,569329401122426880
4180,test,567791786145378304
7220,test,569877431227686912
13071,test,569948241116016641
370,test,568458513636134913
4593,test,569992825997279232
10533,test,569220243123544065
391,test,568303606710956032
10395,test,569333934670139392
446,test,567972416846217216
7121,test,569929507945234433
14609,test,569592148338876416
11788,test,567759456503881729
7776,test,569253874445492225
8644,test,568087713972236289
10273,test,569416670340636672
5065,test,569393239700013056
13306,test,569892434592669696
6110,test,568220464071356416
13819,test,569710119216422912
11736,test,567788199175786496
3073,test,568731988082999296
5610,test,568863304975839233
4065,test,567842806930239488
10190,test,569496068255195137
580,test,570270728051765248
13337,test,569886612538023936
5118,test,569333553705693184
12574,test,570100829396406272
9273,test,570012789479055360
7920,test,568976617453658113
5811,test,568579873926746112
11306,test,568223380375076864
1207,test,569886575720574976
1092,test,569929653730840577
5919,test,568486399663575040
4421,test,570264292169162752
2014,test,569475000660422656
4214,test,567771124235517952
8038,test,568846033997803520
6862,test,570088573598355456
13783,test,569718410944188417
14463,test,569612035585155073
8791,test,567845998166339584
4902,test,569667019693359104
4866,test,569673473607344128
9880,test,569627477200535552
653,test,570226164146397184
5847,test,568551937185951744
2587,test,569017631602139137
4903,test,569666778030346240
4151,test,567804488687345665
11316,test,568216411404808192
9386,test,569959975566467072
6124,test,568206236081995776
6332,test,568054514617622528
13939,test,569688698301784064
5888,test,568513072819646464
10153,test,569519040504287232
6927,test,570012000648081409
3981,test,567893808022568961
4134,test,567811236231954433
9813,test,569654319391354880
5686,test,568807451249627136
6484,test,567823244549480448
403,test,568199730989174784
6065,test,568377318822912000
5576,test,568885007646740480
2423,test,569215344948199424
7777,test,569253270356664322
11912,test,570299824760860672
4831,test,569691144897953793
11483,test,568077746481586176
919,test,570014406320517120
11563,test,567997512310767616
10904,test,568790685723136001
13207,test,569914808339836928
11037,test,568594646168948736
856,test,570050323017920512
11058,test,568552167122055168
3741,test,568158670489387008
5983,test,568447131431931904
8675,test,568041161652342784
1034,test,569957240960094209
13670,test,569758473535164416
1031,test,569958935907733504
425,test,568104264733573122
13615,test,569799181394538496
9449,test,569932287380467712
2067,test,569400431002173441
10735,test,568924897575088130
5984,test,568446993548206081
9531,test,569890152832749568
8011,test,568876769455054849
12500,test,570145544078815232
4403,test,570270216694968320
10503,test,569245155837882368
11241,test,568374422136070144
8367,test,568436943131951104
12452,test,570181406787301378
4189,test,567789433010016256
3783,test,568129652625158147
12319,test,570234625848696833
2399,test,569228707203837952
3151,test,568632754939805696
3801,test,568114394397147137
442,test,568053134439788546
2050,test,569428644432617473
3886,test,568049335235010562
872,test,570043820278050817
10006,test,569578297945919488
14585,test,569595595754639360
10622,test,569117360965193728
3822,test,568099620456423424
3057,test,568760341921959936
8605,test,568124691673686016
14520,test,569604425238454273
149,test,569596097540132864
11418,test,568132101729443841
7802,test,569235924544045057
8520,test,568196117147463680
3058,test,568760315569053696
13255,test,569905122047758336
2641,test,568975398236659712
10573,test,569169690997751808
9491,test,569908805724712961
8175,test,568634780264374272
14237,test,569648849494675456
10236,test,569470268474683393
7413,test,569621840844464128
11533,test,568037876761546753
10684,test,568981079278751744
3561,test,568267340405542914
14553,test,569600462661554177
9834,test,569647597666889728
9956,test,569601264679559168
11637,test,567859601900740609
4931,test,569638751598563328
9954,test,569601628279480320
14612,test,569591700416393216
5354,test,569170590831132672
8627,test,568100774204600320
1725,test,569615659333627904
6069,test,568319110779514880
3610,test,568234955672694784
7456,test,569590527349252096
5677,test,568818229461721088
7838,test,569199676282564609
9191,test,570076827135246336
2391,test,569232560330555393
12177,test,570268875872473088
3613,test,568233965800304640
453,test,567893201719156736
1809,test,569576395778748416
5345,test,569176007225188352
13349,test,569884438504427520
1220,test,569879528891416577
9702,test,569708507961950209
12609,test,570088310334484480
1525,test,569681831039074306
14353,test,569629215869382656
2501,test,569162600237236224
5933,test,568478204190720000
1594,test,569651277916999680
13006,test,569962134328778752
3946,test,567927596572360704
136,test,569625739231948800
5382,test,569155235156856833
7445,test,569603273033945090
2483,test,569172396680175616
10224,test,569483303067131905
9212,test,570060752926728192
2064,test,569404245142855680
14249,test,569646280214847488
13171,test,569921142971969537
4163,test,567799935173947392
13237,test,569909908738580481
8422,test,568391878871285760
6036,test,568426579874996224
13094,test,569940980809342976
5691,test,568802305606361089
14243,test,569646934031343619
2147,test,569339072805797888
4223,test,567767341090361344
9988,test,569588578159697920
2074,test,569385864712704001
10520,test,569230567759327233
8822,test,567817476144242688
13169,test,569922437195829248
4739,test,569888280793063424
13159,test,569925362471211008
5764,test,568629558716592128
12652,test,570074886606958592
13388,test,569876015834484736
3923,test,567966853068251136
9601,test,569844191938908160
14578,test,569596502558920707
9232,test,570045890750230529
9198,test,570073473952968705
7556,test,569533328396832768
6814,test,570237440616570880
5262,test,569226157901684736
1772,test,569591954830450688
5180,test,569275249725870080
11375,test,568162091175182336
297,test,568830466830151680
9741,test,569685186495057920
5211,test,569258009320419330
1573,test,569660740396720128
6789,test,570276843812732928
9038,test,570274057729519617
13588,test,569817471940587520
3440,test,568437450927955969
13002,test,569962905493315585
14123,test,569664087740715008
2133,test,569345701487906818
9945,test,569604198771363840
12477,test,570174284284497920
10566,test,569176543236399104
3494,test,568379326678368256
11246,test,568361346464497664
3639,test,568215031608815617
3761,test,568144896852299776
8192,test,568623875468226560
5718,test,568781450146787328
1588,test,569654439646269440
2767,test,568911315026063361
7559,test,569531924219191296
2328,test,569258100324048900
369,test,568460512553353216
8828,test,567812799767003136
5489,test,568949199779155968
2075,test,569385784685363201
8647,test,568084948948684800
2049,test,569431307152953344
8553,test,568172386903851008
5527,test,568925054089629696
634,test,570235698608869376
10471,test,569269757293293568
687,test,570187940221071360
3195,test,568605113457242112
12395,test,570202621123780608
4371,test,570284111425892353
10691,test,568970274303045634
13077,test,569945910546989057
6184,test,568149194654904320
11547,test,568026425535516674
11954,test,570284482588246016
10044,test,569558377178603520
1735,test,569610889214754816
12760,test,570033764044304385
10789,test,568874399652306944
5494,test,568946700791861248
10589,test,569156425626329089
11720,test,567800210064420864
13320,test,569890695902662657
13279,test,569896666465087488
3048,test,568773648724525056
13402,test,569871411843461121
9492,test,569908781720702976
5037,test,569506823818117121
3170,test,568616966191226880
5528,test,568923827788505088
13079,test,569944807830736896
4669,test,569947823615012864
9510,test,569898346036404224
5549,test,568904155332354050
6406,test,567878205157281793
4819,test,569698892528222208
3498,test,568371161484161025
146,test,569608328998887424
10186,test,569499262855331840
4323,test,567594579310825473
3234,test,568576763212619777
6655,test,567741610373685250
11265,test,568258075431477248
10156,test,569518382883704832
3255,test,568567425106628609
5808,test,568582374549807104
11625,test,567865044580638720
1110,test,569923507263557632
2973,test,568810700828741633
5380,test,569155784988164098
5923,test,568483386580439040
5298,test,569208317408514048
2852,test,568865640569806848
3032,test,568787022472740864
3695,test,568183699658944512
5660,test,568829494556897280
4876,test,569670904852172800
2916,test,568832394196684800
13728,test,569733539899568128
13335,test,569887584861749250
1082,test,569935135132426240
10447,test,569294599614803968
10032,test,569562731356901376
2305,test,569264951401054208
6119,test,568211739059326976
7110,test,569935918225711105
8427,test,568380876855353344
10229,test,569478023839416320
628,test,570239165675249666
8887,test,567772012735922176
9388,test,569959393917149189
13009,test,569961398551379968
11876,test,567679487383699456
4646,test,569963097055604736
13666,test,569762940816990208
6829,test,570222626712514560
5860,test,568539903979446272
13513,test,569844251426729984
1320,test,569834720424361985
4767,test,569855773951561728
6600,test,567763748559937536
7488,test,569571829033144320
1847,test,569557756597776384
3921,test,567967872263331840
14085,test,569669174731153408
7301,test,569678931785228288
2263,test,569287656607100929
206,test,569250469178175488
10600,test,569143443512897536
10632,test,569103475709054976
5252,test,569231300843970561
1556,test,569666115477098496
6355,test,568015713836752896
3794,test,568118452965085184
6192,test,568144357230026752
13600,test,569805521638662144
273,test,568910590921609216
179,test,569324558999691264
12245,test,570253859412529152
8613,test,568115075266973696
12952,test,569974318463119361
8994,test,570295637708816384
3720,test,568170405552205824
1358,test,569777329330884608
7395,test,569627675557384192
12886,test,569990481452539904
3624,test,568228257037856768
4710,test,569910383047254016
1456,test,569710853160710144
4781,test,569795913788428288
11068,test,568541894076026881
12622,test,570085859132878848
13669,test,569759892803756032
523,test,570298018685165568
2396,test,569231763173560320
13958,test,569686237478572032
13886,test,569695794598531072
6937,test,570006917927575552
13814,test,569711923148689408
623,test,570245555064074240
6027,test,568429191546277888
1619,test,569642078990258176
4257,test,567746540903493632
3429,test,568450017649778688
1098,test,569928277613256704
2977,test,568809620019527680
3378,test,568482353254928384
739,test,570106900970221568
2634,test,568982505551851520
12582,test,570098489943666688
12728,test,570043591927537664
1274,test,569857624549625856
4786,test,569766956062134272
839,test,570056648137576449
11372,test,568163524314144768
5371,test,569162467051474944
12333,test,570226695724244992
7639,test,569479404428120064
2089,test,569374011131453441
3552,test,568272841780682752
3457,test,568426849040261120
12427,test,570191874151092225
2138,test,569342670184648704
6100,test,568232493779824640
415,test,568140092453179394
5873,test,568531035723603968
12063,test,570303383782989824
7277,test,569698562734321665
4179,test,567792433687175168
117,test,569777607371128834
6745,test,567594449874587648
3706,test,568178240101191681
4553,test,570032949992800256
2603,test,569007103542587392
8663,test,568064005048152065
13716,test,569737682466656258
1592,test,569652058518908928
5343,test,569179631409958912
10635,test,569083218554519552
5179,test,569276042491211777
12007,test,570270777121103872
11434,test,568116768868159488
5228,test,569248055817404416
2711,test,568947313676148737
10669,test,568995277580996609
14202,test,569654735592140800
11529,test,568040818059190273
8056,test,568828957002493953
2146,test,569339181136113664
8331,test,568482785389899776
13910,test,569691680661762049
8512,test,568199550084591616
6943,test,570001601055883265
7940,test,568960217976864769
10417,test,569322175175352322
7564,test,569529242893090816
5836,test,568562728585064449
11502,test,568064947214782464
12211,test,570262112477401088
2078,test,569382132231110656
3235,test,568576245027336193
8602,test,568126461477068800
3969,test,567900456460165120
3143,test,568640713635676160
10254,test,569451523878420480
5786,test,568605358534447104
13290,test,569895385851760640
13200,test,569915992777687041
12339,test,570224968417603584
878,test,570040251764183040
1637,test,569639640170254336
6385,test,567895533664120832
13325,test,569890109803220993
11601,test,567894427244589056
9178,test,570083021099032576
1425,test,569724056645140480
7742,test,569284604567228416
3159,test,568625749214642176
2467,test,569186762947493888
6944,test,570001601051668480
9635,test,569760231846072321
11371,test,568163907325599745
12882,test,569992708447711232
8194,test,568620542682468352
4029,test,567863121479536641
7839,test,569196231546830848
3240,test,568574249553637377
6064,test,568377392420356096
10310,test,569376311824621568
6779,test,570284840752427008
11378,test,568161284249796608
9543,test,569883910735159297
5333,test,569184833361936387
8929,test,567737909072367616
14379,test,569624299788750848
8692,test,568014723926626304
1907,test,569526143730077696
743,test,570105665093369856
12167,test,570271383005085696
1124,test,569920508923215872
10429,test,569313126342123520
4615,test,569978197284130817
11210,test,568423848732991488
10053,test,569556500928188416
1361,test,569767266075742208
1240,test,569869960195006464
4144,test,567805339790475264
2971,test,568810874204327936
13304,test,569892686624198657
2200,test,569318589817364481
8478,test,568215093596573696
3385,test,568474931207352320
4245,test,567756837320392705
11144,test,568481998257430530
7539,test,569539111222190081
1586,test,569654749055864832
2923,test,568830757730422784
10176,test,569506361266085888
7348,test,569655262765719553
1985,test,569491334643347457
832,test,570059530567962624
4066,test,567842015418978304
1773,test,569591647685775361
13739,test,569729821397291008
8464,test,568239189055176704
1697,test,569620944160886784
1934,test,569514124490579969
12064,test,570302358242115584
8646,test,568086156899966976
12880,test,569992815624781824
4949,test,569614436660432896
4706,test,569914957552353280
9129,test,570195970610348032
12266,test,570247871716405248
6977,test,569968117037707264
4850,test,569683240828723201
3156,test,568627869225766912
1882,test,569537571685924864
3518,test,568337096177528832
12973,test,569971216934526976
5331,test,569185684268789761
13806,test,569714383971966976
9169,test,570084707548958720
3454,test,568431007654924288
3608,test,568236691397279745
8072,test,568810170383536128
1742,test,569608624814698496
9929,test,569610759795314688
5770,test,568621122368851968
1424,test,569724119748636672
11552,test,568016802191683586
2175,test,569329378061979648
8813,test,567827091409092608
12949,test,569974641214644224
11932,test,570295576446808065
997,test,569970225443172353
11971,test,570280378193330180
3927,test,567957027093245952
6258,test,568092479452549120
4794,test,569731104070115329
6340,test,568050718772314112
5186,test,569273230579478529
7184,test,569908080114339840
7832,test,569219656482824192
11444,test,568111402084401152
10279,test,569400188491730945
10058,test,569555455963471872
8275,test,568540063216197632
9305,test,569992362728005632
324,test,568633361595412481
7504,test,569559136540561408
7991,test,568897720410374145
3656,test,568204138091307008
14547,test,569601094239825920
7213,test,569884948091396096
11458,test,568103967185444866
10247,test,569459836389335040
8672,test,568044610955681793
7675,test,569357827522699264
6997,test,569960635376766976
12871,test,569995335893848064
8648,test,568083588308197376
814,test,570067529206358016
14263,test,569644335014092800
3900,test,568034650477580289
14227,test,569650813070483457
1306,test,569840341899026432
3416,test,568457810066800640
5175,test,569277813280415744
406,test,568189531033174016
10549,test,569192350607671297
9357,test,569970287493705728
6605,test,567760872739975168
10616,test,569123565984997376
5370,test,569163696041172992
7865,test,569152332765667328
3638,test,568215154569166848
8554,test,568171002208886784
8305,test,568502279193681921
2061,test,569415076400242688
2534,test,569120847115501568
4989,test,569571437389881344
3128,test,568651726858747904
2750,test,568921163901984768
9014,test,570286290203070465
8765,test,567864058742845440
2843,test,568872291427160065
5338,test,569180845594046464
13398,test,569872756302422017
2849,test,568868944557133825
9946,test,569604041141039104
8231,test,568583414519083010
9724,test,569696521425281024
5618,test,568856905445199872
14538,test,569602069335838720
11379,test,568160713170149376
1997,test,569484085397057536
4417,test,570264793140953088
10371,test,569345780244312067
9968,test,569598323621023745
9061,test,570258946860171264
14531,test,569603590349848576
10884,test,568804534845345792
7755,test,569274057897730048
7068,test,569941314713726976
8526,test,568191343769620480
2630,test,568984098909237248
9427,test,569941050002972672
4393,test,570272714205863936
6431,test,567863197341847552
3762,test,568144894964994048
13492,test,569850083140882432
4702,test,569921747195076608
10733,test,568929851379478529
9408,test,569947033857069057
9797,test,569661154638872576
11605,test,567889613714522113
10724,test,568937707994419200
12398,test,570202160564203520
4636,test,569971070394101763
9478,test,569914076496850945
14368,test,569626703959494656
11019,test,568608132731154432
231,test,569205125278859265
4889,test,569668015047839744
10570,test,569171651381702657
12408,test,570197804091621376
6488,test,567820713156943872
9934,test,569608141689753600
7501,test,569562990250323968
2503,test,569159619710361600
1794,test,569581903965265920
14033,test,569675608969465856
6165,test,568169837878484992
1000,test,569969447764566016
1676,test,569628499549548545
3124,test,568654382620782592
2128,test,569349932131487746
4285,test,567733609130233856
12341,test,570224927602839552
3131,test,568650000227565568
13186,test,569918774788419584
5433,test,569069311962132480
2794,test,568897757991186432
6133,test,568192038040006656
13302,test,569893140066213888
13309,test,569892024708689920
5640,test,568843439107919872
9437,test,569938487920566272
4439,test,570255256589766656
5802,test,568586882600161280
7730,test,569301025280167936
3917,test,567982195471736833
2709,test,568947922731028480
1267,test,569860371626004480
1054,test,569949439101546496
13675,test,569755053159874561
2595,test,569011185439285248
6668,test,567738375755415552
9653,test,569757651539660801
11607,test,567885719894642688
12080,test,570298285350629376
13082,test,569944281512685570
2967,test,568813269906890753
5846,test,568552809555103744
6154,test,568178151173562368
10875,test,568808528426741760
5554,test,568895164577685504
13995,test,569680231012773888
2768,test,568910880416464897
8585,test,568145883679875072
778,test,570083898031513600
12345,test,570223806322581504
8031,test,568853588858023936
2965,test,568813431962226688
7811,test,569233440463155201
2340,test,569253285015752704
8938,test,567733251620356096
3799,test,568115588024963072
5955,test,568462314388656128
10783,test,568878979576410112
6162,test,568170929639059456
5529,test,568919211357048832
2484,test,569172176214962176
10456,test,569284223590232064
6497,test,567815252881977344
5306,test,569206447608877056
3491,test,568380957012525057
6736,test,567692504397803520
8710,test,567916937679884288
13163,test,569924772349538304
12501,test,570145106415771648
9310,test,569989745503297536
7136,test,569926909515034624
5214,test,569256107186782209
3002,test,568803013487276033
5040,test,569503512968572928
4402,test,570270818539839488
10951,test,568769111561527297
8557,test,568167917004718080
1854,test,569554815539290112
9528,test,569890430893993986
10696,test,568968393765711874
1914,test,569522354008805376
2413,test,569219928957394944
3479,test,568405095060099072
10715,test,568948462030467072
9962,test,569600009097904128
14035,test,569675527662874624
7678,test,569352134774415360
10999,test,568626969983750145
7494,test,569566880006086656
13480,test,569852250488573952
2605,test,569005870463344640
14436,test,569616335488966656
326,test,568630879246901248
12472,test,570175764643094528
12035,test,568824537338417154
7767,test,569265728408440833
13410,test,569869884164714498
6262,test,568088989820792832
7924,test,568972783234912257
4159,test,567801519207374849
12290,test,570241050079420417
606,test,570252986372329472
5465,test,568971449815289856
3407,test,568462402875863041
3323,test,568527304348942336
9731,test,569690010531680256
9919,test,569617332907212800
7228,test,569865536873500672
10421,test,569319324810235904
2055,test,569418652128296960
12233,test,570257258275164160
13382,test,569877301959065600
9562,test,569874944282234880
12207,test,570263448828780547
2935,test,568825791644966912
1296,test,569846853350457344
7536,test,569539928129818624
6720,test,567721764285726720
3341,test,568512847178645505
1759,test,569598457809276928
12570,test,570101371409559552
11553,test,568015003883859969
429,test,568095440517754881
14200,test,569655012915322880
9598,test,569846619996360704
941,test,569999614624927744
1534,test,569677636613439488
10122,test,569528768148041728
8079,test,568806985505726464
985,test,569974772551032832
8356,test,568442328794464256
2151,test,569338032572116992
7,test,570300248553349120
3704,test,568178946585579520
3208,test,568595828232863745
3690,test,568185339245756416
14291,test,569641587766009856
7763,test,569268751008436224
2670,test,568962811772030976
7696,test,569342336158851074
7345,test,569658058546286592
7153,test,569925082832728064
10647,test,569015470025793536
1168,test,569907773309214721
564,test,570276018751016960
4508,test,570183297759752192
13954,test,569686415665025024
10082,test,569543665221136384
6787,test,570277278627848192
14051,test,569673758501412865
13687,test,569747170741465088
11039,test,568592695699976192
1690,test,569623889686482944
6636,test,567750519402143745
2523,test,569139480101314560
8025,test,568861022343307264
5314,test,569204474155282433
10903,test,568790707470790656
1544,test,569669516185063424
14330,test,569632024434057216
11619,test,567871168214106113
5140,test,569312688272052224
1388,test,569747702981853185
341,test,568553610981740544
14386,test,569622568459636736
5089,test,569355826248474624
10178,test,569505992163135490
7610,test,569508802891882497
13313,test,569891440135794688
5921,test,568484335747268608
11757,test,567777150145949697
1170,test,569907141596864514
5272,test,569223447005433856
7621,test,569501556275605506
10317,test,569373336922230784
5321,test,569200932577280000
1421,test,569724257879502848
5685,test,568807908374286336
13913,test,569691574625415168
12175,test,570269633778855936
1866,test,569544819510345728
749,test,570101817041747968
4354,test,570292914686955520
4974,test,569589379385008129
4290,test,567731810910498816
1806,test,569577959440257025
5929,test,568479399273758721
5768,test,568622422309482496
92,test,569911816937033728
5492,test,568947596242235392
8407,test,568417260668379136
7362,test,569645505950695424
1409,test,569731353337581568
518,test,570299182310944768
9213,test,570060273798631424
9134,test,570181464773562368
10650,test,569013921660731393
12917,test,569980963926765568
10524,test,569226857272516608
9413,test,569945237025648640
6879,test,570066554848743424
4538,test,570052879643381760
3107,test,568671211430891520
7597,test,569517479296409600
5105,test,569342650068934657
1492,test,569699171868938241
4894,test,569667602148151296
8811,test,567828425278283777
2765,test,568915741551886336
6560,test,567778721474822145
3963,test,567907430069329920
5848,test,568550726311346177
9328,test,569984162377003008
5243,test,569235727558447105
857,test,570050268588597248
13973,test,569683804857745409
60,test,569989321698074624
10422,test,569317626687717376
12119,test,570283544125288448
10709,test,568959416524886016
12323,test,570232487454113792
14151,test,569660666014859264
5867,test,568535948042104832
13184,test,569919414948237312
10659,test,568999631956393984
13179,test,569919970446053377
3386,test,568474866753667072
6813,test,570238126347714560
1755,test,569602861467885568
7511,test,569554776611901440
3819,test,568101176551452673
86,test,569923394990419968
1430,test,569723768773349376
14616,test,569591393540288512
11626,test,567864523585118208
10133,test,569525811704934401
2810,test,568887240685785089
13022,test,569958295919730688
9042,test,570272309434564608
384,test,568406048777900032
2786,test,568900770860392448
12593,test,570095043169529857
10908,test,568789267180331008
11411,test,568135421445545984
3961,test,567913659650805760
6404,test,567878436909228033
8081,test,568806618097455104
13533,test,569839118093398016
12003,test,570271896887017472
1879,test,569538770808266754
4137,test,567809206314668033
3174,test,568615063738646528
4025,test,567867311744380928
10001,test,569583698640818176
2847,test,568871143022731265
11228,test,568388846125223936
3563,test,568266347450273793
14028,test,569676217432977408
6780,test,570280782373228544
5797,test,568588931379253248
1468,test,569707970876936192
2764,test,568916213130096640
7685,test,569346317706768385
10258,test,569437674257276930
13511,test,569844379176853504
5086,test,569357168765501440
3388,test,568473140654788609
14234,test,569649508113625089
12689,test,570060776301424641
3585,test,568252787756302336
3652,test,568205117368836096
7294,test,569684947151093760
160,test,569564853460807680
164,test,569540405676654592
2638,test,568976619089620992
4479,test,570215711416537088
5944,test,568467366780264448
3847,test,568084717481775104
783,test,570082564502728704
6109,test,568220487500709889
8785,test,567848437992984576
2277,test,569280157678071808
6522,test,567802829567467520
6191,test,568144447931686912
6909,test,570039630973829120
14107,test,569665738165891073
8195,test,568620103895367680
7032,test,569949588527775744
8739,test,567885370064506880
6683,test,567735409724366848
6729,test,567717415367090176
11126,test,568491460250742784
12067,test,570301488192458752
9498,test,569905773276307457
7307,test,569674356915347456
9552,test,569881062169567232
7186,test,569905884425383936
9119,test,570206113783795713
5442,test,569017052310056960
3064,test,568755688442191872
11566,test,567970771718578176
8105,test,568785094430883840
826,test,570063450174464000
1935,test,569514063019053056
103,test,569891436100874241
821,test,570065109420101633
3267,test,568562804837490688
9602,test,569843749230133248
12249,test,570251814970515456
4187,test,567789974717747200
10472,test,569269594386526209
915,test,570016325667557376
1666,test,569630987858132992
3649,test,568206538147364864
9160,test,570097596913623040
9621,test,569810990189191168
5032,test,569510774957170690
1533,test,569678975049588737
12504,test,570142278729076736
11868,test,567722301471199232
3899,test,568035703768154112
10298,test,569382407847211008
1474,test,569705869816012801
7056,test,569947151339429889
13704,test,569740962760499200
13884,test,569696039914971136
1057,test,569946921265184768
12365,test,570218794414673921
11806,test,567748987512705027
3947,test,567927503718731777
1001,test,569968282532315136
8542,test,568177098038349825
3681,test,568189390444310528
4629,test,569975026239164416
10894,test,568795462125428736
9268,test,570015373447159808
5680,test,568812233146404864
10375,test,569343738331275264
14086,test,569669062206332929
11205,test,568436010817712128
8424,test,568387362239205376
8134,test,568752061682208768
3120,test,568656014481846272
1931,test,569515118125408256
1442,test,569716594731044865
7826,test,569226460281610241
12716,test,570047946932101120
11440,test,568113601480757248
9289,test,570003343222964224
1428,test,569723932355358720
4003,test,567882458357714944
677,test,570201440704028672
5788,test,568604830291222530
7150,test,569925187757592576
14586,test,569595399557685248
13738,test,569730123210948608
5812,test,568578381320597504
7692,test,569343607326547968
10138,test,569525150263214080
4687,test,569933882662916096
13449,test,569860677650636801
4255,test,567747764906635265
14181,test,569658152741957634
9648,test,569758349354340352
10241,test,569465622301552641
4721,test,569901802994454528
4062,test,567844852135645186
1746,test,569606005618638848
13773,test,569719978993152000
4775,test,569837786930540545
6568,test,567775613348376577
7162,test,569924116335108096
11611,test,567881096647569408
10268,test,569419928173989889
8214,test,568602597197623298
13532,test,569839216512917504
7830,test,569222108200476672
6209,test,568128069845848064
192,test,569303931916038144
6060,test,568386996525252609
4962,test,569603326947364864
5210,test,569258359670644736
12302,test,570239688755302401
2562,test,569076717689524224
14425,test,569617887637348352
11763,test,567775776582672384
7791,test,569242143748964353
1762,test,569598047593713665
10780,test,568881975177515009
10964,test,568750153315676160
8576,test,568154777739259907
2066,test,569400869768302592
2438,test,569208067243401217
11459,test,568102228587884545
6744,test,567617081336950784
10949,test,568769373122342912
11060,test,568550060461408257
3940,test,567938175634702336
10539,test,569211350985134081
5376,test,569159068834623489
14467,test,569611581920808960
1191,test,569901072443166720
8786,test,567848171155496960
12448,test,570182972554371072
12940,test,569975294158901248
12589,test,570096856685871106
11870,test,567721806040031232
12202,test,570264011574415360
11007,test,568619699212140544
8743,test,567876244722814976
8726,test,567897563065511936
845,test,570054360505323520
7425,test,569617906390052865
9838,test,569646309159927808
13220,test,569912608901373952
7275,test,569700499319959553
12588,test,570097189617143808
2279,test,569278858123300864
5467,test,568969519252680706
8801,test,567837023014273024
9585,test,569864720305553409
5254,test,569229483288317952
10378,test,569343070849740801
2432,test,569211244693098496
4859,test,569676404893163520
7160,test,569924145380634624
9272,test,570013472093642752
13652,test,569769747019128832
10405,test,569328854948573187
1077,test,569936062039986176
10694,test,568969274410168321
859,test,570049743549833216
8207,test,568606685230555136
5488,test,568949312098476032
1156,test,569911713459408896
14358,test,569627839374467072
3162,test,568624528131125248
4806,test,569710964712411136
1402,test,569740316577632256
12014,test,570269633778855936
9842,test,569644766779936768
843,test,570054647689322496
5756,test,568658885361438720
11915,test,570298744723415040
376,test,568447216156692480
8730,test,567895664769785856
11899,test,570304633048047616
13128,test,569934170819948544
11485,test,568077470085341184
9785,test,569668704524308480
9735,test,569687410969321472
5393,test,569149949989879808
13057,test,569950555344228352
12051,test,570306529947193344
10839,test,568834026317832193
2668,test,568963218703564800
12317,test,570234946700357632
14178,test,569658322413965312
12454,test,570180703746461696
2113,test,569363796113764352
1258,test,569864108134301697
295,test,568837602071203840
2880,test,568850826552320000
5135,test,569316220551372800
3063,test,568755759670022147
8944,test,567728800864010242
2666,test,568964028669800448
1509,test,569692936880791552
7512,test,569554727572099072
4583,test,569996423074160640
1901,test,569528348126216193
4544,test,570044516318748672
320,test,568663147189415936
6017,test,568434328943915009
1423,test,569724186173640705
8570,test,568157634999783424
4549,test,570035207316885505
12859,test,569999076143423488
9982,test,569592390211801089
7843,test,569191124373520384
6312,test,568058224433340416
1400,test,569741306190172161
8914,test,567754559762612225
221,test,569223788639821824
12804,test,570015527961272321
9564,test,569873968175259650
989,test,569972097453137920
469,test,567810209088847873
3992,test,567886241179377664
5828,test,568568900767653889
13362,test,569881453842042880
2008,test,569476889313562624
9261,test,570018892031991808
10384,test,569338966857687040
1821,test,569569272898445313
10626,test,569114030268424192
5939,test,568469882922102785
13980,test,569682667362344960
2460,test,569191838579429377
12706,test,570053168349851648
11905,test,570301929580048385
5579,test,568884675021635584
10965,test,568749045528842240
10442,test,569301606891712512
13160,test,569925308368883713
9136,test,570157409458642944
11946,test,570288282413633536
11476,test,568080349286301697
9073,test,570249204767055872
1357,test,569777772115193856
1265,test,569860989400649729
13379,test,569878584967344128
4923,test,569644492040613888
12787,test,570021682569555968
8952,test,567725676958998528
12899,test,569986326168268800
4326,test,570309156290367488
5616,test,568858194447085568
14628,test,569588651925098496
12194,test,570265626146512896
7565,test,569529128585555968
9759,test,569679450750750720
1385,test,569748289945362435
3377,test,568484161356476416
7703,test,569333461401481216
3887,test,568048515932426241
12939,test,569975650691330048
12135,test,570279368766959616
4046,test,567852704980017152
12637,test,570080545461407745
12280,test,570244720229797889
7185,test,569906378233356290
12240,test,570254579578720256
8551,test,568172843520950272
7258,test,569723086465069056
7349,test,569652510794887168
8055,test,568829891220803584
7773,test,569255973958889472
886,test,570036932270358528
9876,test,569628521666117632
3798,test,568115946738597888
4685,test,569935609940316160
7291,test,569685692038557696
9918,test,569617704644165632
8757,test,567872044030918657
6152,test,568179570651709441
12399,test,570202097041305600
7203,test,569889846472409088
9547,test,569883285989531649
8289,test,568528082841112576
7909,test,568993773277069312
8280,test,568535405361913857
7165,test,569923934054805504
6477,test,567826899776446464
3702,test,568179591480811521
9431,test,569939368598753280
3446,test,568434065067491328
6907,test,570042339575640066
3682,test,568188415524642816
14335,test,569631775766368256
4394,test,570272387985514497
235,test,569200619430420480
8853,test,567799518448848897
4117,test,567815174045868032
12059,test,570305051819941889
849,test,570053482029277184
6716,test,567722689989578752
641,test,570232726206312448
6871,test,570076595647426560
5062,test,569451572792406016
6480,test,567823996852428801
12178,test,570268646544510976
3167,test,568621033273602048
8535,test,568183785558310914
4320,test,567617486703853568
9697,test,569710305707601920
13226,test,569911344658386944
9316,test,569987227075239936
11400,test,568140221994250240
555,test,570282089863626752
12897,test,569987992858836992
11140,test,568482672789622784
794,test,570079536815034368
11661,test,567842439911858176
4591,test,569993437690245120
8328,test,568485564112117760
13519,test,569843359029850112
7608,test,569510667612504065
8466,test,568232942612447232
6346,test,568042046608580608
4563,test,570014685166219264
11049,test,568569646389067776
13268,test,569900705852608513
9112,test,570214488739225601
11217,test,568414700326797312
14098,test,569666866932813824
9300,test,569993393767460864
11773,test,567767738886545408
1627,test,569641326536462336
3264,test,568564006329434113
12597,test,570093520909832192
7982,test,568906811308257280
516,test,570299819610251265
12419,test,570194141612789760
8278,test,568537606503280640
5969,test,568453818335129601
11936,test,570292403309035520
14109,test,569665295381614594
7590,test,569522879764807680
11161,test,568472185993629696
11725,test,567794202730577920
420,test,568122723915862016
1490,test,569699965527666688
2038,test,569445528225718272
3137,test,568647206695120896
14297,test,569640847119163394
14557,test,569599978722746368
12455,test,570180010125864960
3950,test,567924107183915009
10563,test,569180856423567361
6242,test,568102187294973952
81,test,569933777931145216
8588,test,568140722240512001
10409,test,569326191213219841
13575,test,569823600837947392
13086,test,569942226224050176
10909,test,568789020890812416
11759,test,567776714303238144
3119,test,568656507480481792
6542,test,567789749013086208
4015,test,567872614296862720
3079,test,568722339833126912
2585,test,569020829033492480
8438,test,568270768989081600
170,test,569452063920226304
973,test,569983149028962304
1052,test,569950450352414720
2822,test,568883475534745600
347,test,568525368572817408
10799,test,568864981917110272
7077,test,569939611650166785
4892,test,569667787829809152
9460,test,569925709025509376
13985,test,569681786860654592
335,test,568585196699664384
11066,test,568542052205666305
12222,test,570259380999860224
996,test,569970599377788928
4827,test,569694343776194560
5033,test,569508707178057728
1377,test,569749896095358977
4295,test,567730299912482816
1007,test,569967493487292416
11542,test,568030511530172416
6794,test,570267215720800256
7670,test,569365818229829632
3883,test,568054377421901824
13767,test,569720452987252736
1538,test,569673939183493120
5457,test,568977492410703872
6213,test,568124227641065472
7822,test,569229104286986240
7834,test,569213183455563776
1326,test,569826411206316032
5694,test,568802037057646594
11247,test,568360334609612801
2477,test,569179849518161920
9574,test,569870128915083264
7378,test,569633393673150464
4732,test,569892876642955264
3871,test,568063784318832640
10108,test,569533663211356161
2212,test,569313492894752768
9378,test,569962709057298432
8062,test,568823603627565056
4217,test,567769798831255552
6625,test,567752826353225728
1208,test,569886288691773440
11194,test,568444017106690048
8609,test,568116088631791616
7589,test,569524116769914882
11532,test,568039498015223808
6352,test,568028183267639297
2069,test,569395649310883840
7662,test,569382239131168769
7409,test,569622618195652608
3023,test,568793902267936769
1778,test,569589829735821312
4305,test,567724091809878016
5154,test,569301668904329216
1282,test,569853714149867521
8232,test,568579899243380736
216,test,569236251129163777
11554,test,568013199599120384
6207,test,568130367900798976
11582,test,567909106553483264
10289,test,569388260633542657
6274,test,568085705479618560
13027,test,569957675548721152
14493,test,569607321908862977
2755,test,568918759664021504
6652,test,567744219281129473
7347,test,569655420962238465
11849,test,567728533771132928
11519,test,568055537952284672
6833,test,570215386102292480
4814,test,569702019797286913
5575,test,568885499986874369
1450,test,569715233549369344
6353,test,568027403462651905
2904,test,568835810532794368
12907,test,569983373378252800
13311,test,569891790343569408
562,test,570276787063816192
10836,test,568834884942336000
5377,test,569158546404864001
1016,test,569964888870793216
5270,test,569223862941929472
9610,test,569827206928715776
2763,test,568916345506566145
13850,test,569701550039429121
2034,test,569454437288140800
13854,test,569700953164615681
6980,test,569967834203189248
13570,test,569827602589835265
3008,test,568801535662166016
4619,test,569977223198822400
552,test,570283712409051136
11314,test,568217681838641152
2239,test,569301745219850241
1851,test,569555146562080768
3368,test,568492898553102337
11163,test,568471539433275393
12862,test,569998120999759872
10505,test,569244957698969602
6757,test,570296110633381889
3789,test,568123098546843648
2537,test,569116934379323392
14414,test,569619752399667200
3768,test,568140850963881984
8281,test,568535276546449409
13356,test,569883077289181184
12814,test,570010327036735488
6691,test,567732510692347904
3979,test,567894187900710912
12894,test,569988479540695040
12473,test,570175461298475008
6310,test,568062804697202688
692,test,570181906492297216
6321,test,568056050877919232
4298,test,567729246198837248
7062,test,569944919894327297
579,test,570270918095695872
7313,test,569672448716742656
10838,test,568834249303785472
13970,test,569683921908195328
11106,test,568500854082420737
11506,test,568063225859739648
7274,test,569702567573368832
14582,test,569595899204255745
12074,test,570299252141903873
8459,test,568241156347305984
1978,test,569496919036305408
8767,test,567862628460158976
1568,test,569662789377064960
14110,test,569665260375793664
4724,test,569899502355681280
8159,test,568649338005487618
13863,test,569699607707398146
14404,test,569620597543739392
10210,test,569488002361249792
1010,test,569966909019398144
5082,test,569358646892748801
7825,test,569227490046164992
13,test,570287408438120448
14618,test,569591136534319105
6290,test,568079810389549057
10245,test,569463954155700224
13529,test,569840848764059648
6270,test,568086068135895040
9002,test,570290730796777473
11064,test,568544211370418176
6068,test,568326927695491072
13572,test,569826452633313280
546,test,570285610176532480
1257,test,569864290578108419
7652,test,569423132240556033
10350,test,569357691715493888
1499,test,569697298768203776
10769,test,568894795294363648
8314,test,568491668858662914
7046,test,569947618413031424
10726,test,568935917341286400
9737,test,569686624721707009
8600,test,568127068287963136
10403,test,569329041544749056
5712,test,568784436428300290
10377,test,569343160062742528
7278,test,569698117685268481
7441,test,569604208661409792
7888,test,569096740676222976
46,test,570011341483843584
8837,test,567807844687577089
11022,test,568607094426996738
17,test,570276917301137409
1684,test,569626297116176384
62,test,569987622484848640
12704,test,570054549915873280
13052,test,569951222515539968
3951,test,567922347669262336
9130,test,570192366272970752
8133,test,568752793999286273
6054,test,568397976110010368
4283,test,567734618095230976
10873,test,568809369678315521
10218,test,569484781668458496
131,test,569634318349246464
6074,test,568299749121654784
7753,test,569274492607967232
9859,test,569635479383085056
6279,test,568084881303072770
5464,test,568971982554963969
3250,test,568571642265227264
13339,test,569885774386044930
6837,test,570211016308596736
5553,test,568898165635575808
14352,test,569629305023569922
4120,test,567814334228774912
2167,test,569331162897739776
5106,test,569342608813793280
1115,test,569922639185072129
6570,test,567774277656682496
1280,test,569856081180160000
8690,test,568016314457047040
7854,test,569177868221202432
7558,test,569532566610571265
7948,test,568944687077199872
10487,test,569258544714911746
13385,test,569876741092552704
10723,test,568937741037088768
13101,test,569940199842525184
632,test,570236138603950080
8982,test,570304059384713218
6329,test,568054866045747200
1179,test,569904406285516800
6553,test,567781731156377600
